name,pos_detail,team_full,fa_type,snap_pct,age,prior_apy,prior_gtd,team,pos_group,slug
Deshaun Watson,QB,Browns,Void,0.0,32.0,46000000.0,230000000.0,CLE,QB,deshaun-watson
Matt Stafford,QB,Rams,Void,98.4,39.0,40000000.0,40000000.0,LAR,QB,matt-stafford
Baker Mayfield,QB,Buccaneers,Void,96.9,32.0,33333333.0,40000000.0,TB,QB,baker-mayfield
George Pickens,WR,Cowboys,UFA,81.6,26.0,27298000.0,27298000.0,DAL,WR,george-pickens
DeForest Buckner,IDL,Colts,Void,40.3,33.0,23000000.0,43250000.0,IND,IDL,deforest-buckner
Andrew Van Ginkel,EDGE,Vikings,Void,54.4,32.0,23000000.0,22440000.0,MIN,EDGE,andrew-van-ginkel
Daron Payne,IDL,Commanders,Void,53.4,30.0,22500000.0,46010000.0,WAS,IDL,daron-payne
Davante Adams,WR,Rams,Void,55.9,35.0,22000000.0,26000000.0,LAR,WR,davante-adams
Leonard Williams,IDL,Seahawks,Void,72.0,33.0,21500000.0,26150000.0,SEA,IDL,leonard-williams
Quenton Nelson,LG,Colts,UFA,96.8,31.0,20000000.0,41000000.0,IND,OL,quenton-nelson
Marlon Humphrey,CB,Ravens,Void,77.5,31.0,19500000.0,39957407.0,BAL,CB,marlon-humphrey
Derwin James,S,Chargers,UFA,87.9,31.0,19000000.0,38584471.0,LAC,S,derwin-james
Michael Onwenu,RT,Patriots,UFA,98.9,30.0,19000000.0,36500000.0,NE,OL,michael-onwenu
Brian O'Neill,RT,Vikings,UFA,73.3,32.0,18500000.0,22576118.0,MIN,OL,brian-oneill
Khalil Mack,EDGE,Chargers,UFA,41.7,36.0,18000000.0,18000000.0,LAC,EDGE,khalil-mack
Vita Vea,IDL,Buccaneers,Void,73.2,32.0,17750000.0,14734440.0,TB,IDL,vita-vea
Jessie Bates III,S,Falcons,Void,98.9,30.0,16005000.0,36000000.0,ATL,S,jessie-bates-iii
Kevin Dotson,RG,Rams,UFA,78.1,31.0,16000000.0,24000000.0,LAR,OL,kevin-dotson
Aaron Rodgers,QB,Steelers,UFA,89.0,44.0,15515000.0,0.0,PIT,QB,aaron-rodgers
Kyle Pitts,TE,Falcons,UFA,87.7,27.0,15045000.0,0.0,ATL,TE,kyle-pitts
Jaylon Moore,LT,Chiefs,UFA,38.4,29.0,15000000.0,21240000.0,KC,OL,jaylon-moore
Arik Armstead,EDGE,Jaguars,Void,56.5,34.0,14500000.0,28000000.0,JAX,EDGE,arik-armstead
Breece Hall,RB,Jets,UFA,61.1,26.0,14293000.0,0.0,NYJ,RB,breece-hall
Jonathan Taylor,RB,Colts,UFA,82.4,28.0,14000000.0,19347556.0,IND,RB,jonathan-taylor
Patrick Queen,LB,Steelers,UFA,95.5,28.0,13666666.0,13840000.0,PIT,LB,patrick-queen
Ben Powers,LG,Broncos,Void,40.7,31.0,13000000.0,27000000.0,DEN,OL,ben-powers
Grover Stewart,IDL,Colts,UFA,58.7,34.0,13000000.0,17990000.0,IND,IDL,grover-stewart
Alvin Kamara,RB,Saints,Void,40.7,32.0,12250000.0,19233333.0,NO,RB,alvin-kamara
Travis Kelce,TE,Chiefs,Void,81.0,38.0,12000000.0,12000000.0,KC,TE,travis-kelce
Grant Delpit,S,Browns,Void,95.9,29.0,12000000.0,14909558.0,CLE,S,grant-delpit
Tariq Woolen,CB,Eagles,Void,72.4,28.0,12000000.0,12000000.0,PHI,CB,tariq-woolen
Evan Engram,TE,Broncos,Void,40.2,33.0,11500000.0,16500000.0,DEN,TE,evan-engram
Davon Hamilton,IDL,Jaguars,Void,44.3,30.0,11500000.0,20000000.0,JAX,IDL,davon-hamilton
Kirk Cousins,QB,Raiders,Void,49.5,39.0,11300000.0,11300000.0,LV,QB,kirk-cousins
Malcolm Koonce,EDGE,Raiders,UFA,44.5,29.0,11010000.0,10500000.0,LV,EDGE,malcolm-koonce
Dorance Armstrong Jr.,EDGE,Commanders,Void,21.0,30.0,11000000.0,16125000.0,WAS,EDGE,dorance-armstrong-jr
Christian Watson,WR,Packers,Void,39.8,28.0,11000000.0,6067078.0,GB,WR,christian-watson
Justin Fields,QB,Chiefs,Void,47.8,28.0,11000000.0,11000000.0,KC,QB,justin-fields
K'Lavon Chaisson,EDGE,Commanders,UFA,62.5,28.0,11000000.0,10300000.0,WAS,EDGE,klavon-chaisson
David Onyemata,IDL,Jets,Void,57.4,35.0,10500000.0,9650000.0,NYJ,IDL,david-onyemata
Frankie Luvu,EDGE,Commanders,Void,97.2,31.0,10333333.0,14625000.0,WAS,EDGE,frankie-luvu
T.J. Hockenson,TE,Vikings,Void,69.0,30.0,10250000.0,10150000.0,MIN,TE,tj-hockenson
Kristian Fulton,CB,Chiefs,UFA,20.0,29.0,10000000.0,15000000.0,KC,CB,kristian-fulton
Kenny Moore,CB,Colts,Void,61.5,32.0,10000000.0,16000000.0,IND,CB,kenny-moore
"Jon Runyan, Jr.",LG,Giants,UFA,95.1,30.0,10000000.0,17000000.0,NYG,OL,jon-runyan-jr
A'Shawn Robinson,IDL,Buccaneers,UFA,62.2,32.0,10000000.0,9150000.0,TB,IDL,ashawn-robinson
Maliek Collins,IDL,Browns,Void,44.8,32.0,10000000.0,13000000.0,CLE,IDL,maliek-collins
Uchenna Nwosu,EDGE,Seahawks,UFA,51.7,31.0,9755000.0,6980000.0,SEA,EDGE,uchenna-nwosu
Kingsley Enagbare,EDGE,Jets,Void,41.8,27.0,9000000.0,8490000.0,NYJ,EDGE,kingsley-enagbare
Hunter Henry,TE,Patriots,UFA,79.4,33.0,9000000.0,15800000.0,NE,TE,hunter-henry
Jordyn Brooks,LB,Dolphins,Void,92.0,30.0,8750000.0,9500000.0,MIA,LB,jordyn-brooks
Anthony Richardson,QB,Colts,UFA,1.3,25.0,8498508.0,33994030.0,IND,QB,anthony-richardson
Jeremy Chinn,S,Raiders,UFA,88.5,29.0,8129000.0,12250000.0,LV,S,jeremy-chinn
Greg Newsome II,CB,Giants,UFA,69.1,27.0,8000000.0,3000000.0,NYG,CB,greg-newsome-ii
Ezra Cleveland,LG,Jaguars,Void,92.1,29.0,8000000.0,14250000.0,JAX,OL,ezra-cleveland
D'Andre Swift,RB,Bears,UFA,53.8,28.0,8000000.0,14000000.0,CHI,RB,dandre-swift
Kayvon Thibodeaux,EDGE,Giants,UFA,44.3,27.0,7834760.0,31339040.0,NYG,EDGE,kayvon-thibodeaux
Baron Browning,EDGE,Cardinals,UFA,45.3,28.0,7500000.0,10000000.0,ARI,EDGE,baron-browning
Harrison Phillips,IDL,Jets,UFA,61.4,31.0,7500000.0,10266667.0,NYJ,IDL,harrison-phillips
Colby Parkinson,TE,Rams,UFA,54.7,28.0,7500000.0,10250000.0,LAR,TE,colby-parkinson
Patrick Jones II,EDGE,Panthers,UFA,15.2,29.0,7500000.0,10250000.0,CAR,EDGE,patrick-jones-ii
Blake Cashman,LB,Vikings,Void,73.8,31.0,7500000.0,9475000.0,MIN,LB,blake-cashman
Tony Pollard,RB,Titans,UFA,62.2,30.0,7250000.0,10490000.0,TEN,RB,tony-pollard
Tedarrell Slaton,IDL,Bengals,UFA,53.4,30.0,7050000.0,5000000.0,CIN,IDL,tedarrell-slaton
Dallas Goedert,TE,Eagles,Void,74.7,32.0,7000000.0,7000000.0,PHI,TE,dallas-goedert
Aaron Brewer,C,Dolphins,Void,92.2,30.0,7000000.0,10215000.0,MIA,OL,aaron-brewer
Davis Mills,QB,Texans,UFA,25.2,29.0,7000000.0,10250000.0,HOU,QB,davis-mills
Kevin Byard,S,Patriots,UFA,99.8,34.0,7000000.0,6170000.0,NE,S,kevin-byard
Marcus Mariota,QB,Commanders,UFA,48.4,34.0,7000000.0,6390000.0,WAS,QB,marcus-mariota
Divine Deablo,LB,Falcons,UFA,67.9,29.0,7000000.0,6660000.0,ATL,LB,divine-deablo
Austin Jackson,RT,Dolphins,Void,31.6,28.0,7000000.0,5475000.0,MIA,OL,austin-jackson
Zaven Collins,LB,Cardinals,UFA,47.4,28.0,7000000.0,11250000.0,ARI,LB,zaven-collins
Ikem Ekwonu,LT,Panthers,UFA,88.9,27.0,6892013.0,27568050.0,CAR,OL,ikem-ekwonu
Christian Elliss,LB,Patriots,UFA,49.5,28.0,6754000.0,7750000.0,NE,LB,christian-elliss
Brandon Jones,S,Broncos,UFA,77.5,29.0,6666667.0,11000000.0,DEN,S,brandon-jones
Donte Jackson,CB,Chargers,UFA,58.9,32.0,6500000.0,7000000.0,LAC,CB,donte-jackson
Tyree Wilson,EDGE,Saints,UFA,41.4,27.0,6251375.0,25005500.0,NO,EDGE,tyree-wilson
Jacoby Brissett,QB,Cardinals,UFA,71.5,35.0,6250000.0,6500000.0,ARI,QB,jacoby-brissett
Dalvin Tomlinson,IDL,Chargers,UFA,48.4,33.0,6200000.0,5690000.0,LAC,IDL,dalvin-tomlinson
Coleman Shelton,RG,Rams,UFA,98.7,32.0,6000000.0,9000000.0,LAR,OL,coleman-shelton
Hjalte Froholdt,C,Cardinals,UFA,98.8,31.0,6000000.0,7250000.0,ARI,OL,hjalte-froholdt
Keisean Nixon,CB,Packers,UFA,90.5,30.0,6000000.0,6500000.0,GB,CB,keisean-nixon
Jarrett Stidham,QB,Broncos,UFA,0.4,31.0,6000000.0,6990000.0,DEN,QB,jarrett-stidham
Joe Flacco,QB,Bengals,Void,62.7,42.0,6000000.0,4000000.0,CIN,QB,joe-flacco
Dre Greenlaw,LB,49ers,Void,28.8,30.0,6000000.0,6000000.0,SF,LB,dre-greenlaw
Ja'Quan McMillian,CB,Broncos,UFA,66.0,27.0,5767000.0,0.0,DEN,CB,jaquan-mcmillian
T.J. Bass,RG,Cowboys,UFA,29.6,28.0,5767000.0,0.0,DAL,OL,tj-bass
Gardner Minshew,QB,Cardinals,UFA,3.7,31.0,5750000.0,5140000.0,ARI,QB,gardner-minshew
Aaron Jones,RB,Vikings,UFA,33.7,33.0,5560000.0,5000000.0,MIN,RB,aaron-jones
Isaiah Rodgers,CB,Vikings,UFA,90.0,29.0,5522500.0,7995000.0,MIN,CB,isaiah-rodgers
Jaquan Brisker,S,Steelers,UFA,99.9,28.0,5500000.0,4285000.0,PIT,S,jaquan-brisker
Trent Brown,RT,Texans,UFA,41.3,34.0,5500000.0,1750000.0,HOU,OL,trent-brown
Davon Godchaux,IDL,Saints,Void,41.5,33.0,5500000.0,7450000.0,NO,IDL,davon-godchaux
Drake London,WR,Falcons,UFA,64.7,26.0,5383618.0,21534472.0,ATL,WR,drake-london
Jason Myers,K,Seahawks,UFA,44.4,36.0,5275000.0,8665000.0,SEA,ST,jason-myers
Broderick Washington,IDL,Ravens,UFA,9.0,31.0,5250000.0,10000000.0,BAL,IDL,broderick-washington
Tommy Tremble,TE,Panthers,UFA,59.9,27.0,5250000.0,6000000.0,CAR,TE,tommy-tremble
Michael Jackson Sr.,CB,Panthers,UFA,98.5,30.0,5250000.0,5700000.0,CAR,CB,michael-jackson-sr
Jordan Mason,RB,Vikings,Void,41.3,28.0,5250000.0,7230000.0,MIN,RB,jordan-mason
Jawaan Taylor,RT,Falcons,UFA,68.3,30.0,5000000.0,0.0,ATL,OL,jawaan-taylor
Chris Boswell,K,Steelers,UFA,33.0,36.0,5000000.0,9760000.0,PIT,ST,chris-boswell
Malik Harrison,LB,Steelers,UFA,25.3,29.0,5000000.0,4080000.0,PIT,LB,malik-harrison
Ted Karras,C,Bengals,UFA,100.0,34.0,5000000.0,1000000.0,CIN,OL,ted-karras
Marquise Brown,WR,Eagles,Void,49.5,30.0,5000000.0,5000000.0,PHI,WR,marquise-brown
Braxton Jones,LT,Bears,UFA,18.2,28.0,5000000.0,3000000.0,CHI,OL,braxton-jones
Larry Borom,RT,Lions,UFA,67.5,28.0,5000000.0,4900000.0,DET,OL,larry-borom
Anthony Nelson,EDGE,Buccaneers,Void,37.0,30.0,5000000.0,5500000.0,TB,EDGE,anthony-nelson
Malik Hooker,S,Cowboys,UFA,53.7,31.0,5000000.0,3500000.0,DAL,S,malik-hooker
Chidobe Awuzie,CB,Ravens,UFA,49.1,32.0,5000000.0,5000000.0,BAL,CB,chidobe-awuzie
Chris Olave,WR,Saints,UFA,78.9,27.0,4817968.0,19271872.0,NO,WR,chris-olave
Ryan Neuzil,C,Falcons,UFA,100.0,30.0,4750000.0,6250000.0,ATL,OL,ryan-neuzil
Garrett Bradbury,C,Bears,UFA,98.0,32.0,4700000.0,3700000.0,CHI,OL,garrett-bradbury
Roy Robertson-Harris,IDL,Giants,UFA,56.3,34.0,4500000.0,5300000.0,NYG,IDL,roy-robertson-harris
Arnold Ebiketie,EDGE,Eagles,Void,34.8,28.0,4300000.0,4300000.0,PHI,EDGE,arnold-ebiketie
Ryan Van Demark,RT,Vikings,UFA,27.6,29.0,4270000.0,4145000.0,MIN,OL,ryan-van-demark
Nathan Shepherd,IDL,Saints,Void,63.3,34.0,4260000.0,4551000.0,NO,IDL,nathan-shepherd
Mack Wilson,LB,Cardinals,UFA,45.5,29.0,4250000.0,6445000.0,ARI,LB,mack-wilson
Mack Hollins,WR,Patriots,UFA,60.2,34.0,4200000.0,3500000.0,NE,WR,mack-hollins
Broderick Jones,LT,Steelers,UFA,61.3,26.0,4156591.0,16626364.0,PIT,OL,broderick-jones
Jake Brendel,C,49ers,Void,84.6,35.0,4125000.0,5000000.0,SF,OL,jake-brendel
Chase McLaughlin,K,Buccaneers,UFA,32.1,31.0,4100000.0,5000000.0,TB,ST,chase-mclaughlin
Will McDonald IV,EDGE,Jets,UFA,57.5,28.0,4080416.0,16321664.0,NYJ,EDGE,will-mcdonald-iv
Bud Dupree,EDGE,Chargers,UFA,38.5,34.0,4005000.0,2495000.0,LAC,EDGE,bud-dupree
Will Harris,S,Commanders,UFA,49.2,32.0,4000000.0,3390000.0,WAS,S,will-harris
Charles Omenihu,EDGE,Commanders,UFA,54.3,30.0,4000000.0,3300000.0,WAS,EDGE,charles-omenihu
P.J. Locke,S,Cowboys,UFA,15.4,30.0,4000000.0,3500000.0,DAL,S,pj-locke
Jameis Winston,QB,Giants,UFA,13.6,33.0,4000000.0,5250000.0,NYG,QB,jameis-winston
Kenny Pickett,QB,Panthers,UFA,8.0,29.0,4000000.0,4000000.0,CAR,QB,kenny-pickett
Josh Jones,LT,Seahawks,UFA,23.9,30.0,4000000.0,3000000.0,SEA,OL,josh-jones
Asante Samuel Jr.,CB,Steelers,UFA,19.1,28.0,4000000.0,2785000.0,PIT,CB,asante-samuel-jr
Rasheed Walker,LT,Panthers,UFA,94.0,27.0,4000000.0,3215000.0,CAR,OL,rasheed-walker
Brock Wright,TE,Lions,Void,36.5,29.0,4000000.0,4600000.0,DET,TE,brock-wright
Isaiah McDuffie,LB,Packers,UFA,45.1,28.0,4000000.0,2550000.0,GB,LB,isaiah-mcduffie
Charlie Woerner,TE,Falcons,UFA,51.6,30.0,4000000.0,4160000.0,ATL,TE,charlie-woerner
Cobie Durant,CB,Cowboys,UFA,73.0,29.0,4000000.0,1500000.0,DAL,CB,cobie-durant
Teven Jenkins,RG,Browns,Void,29.8,29.0,4000000.0,3960000.0,CLE,OL,teven-jenkins
Demarcus Robinson,WR,49ers,Void,37.4,33.0,4000000.0,6000000.0,SF,WR,demarcus-robinson
Dane Belton,S,Jets,UFA,63.2,27.0,4000000.0,2000000.0,NYJ,S,dane-belton
Al-Quadin Muhammad,EDGE,Buccaneers,UFA,41.4,32.0,4000000.0,2500000.0,TB,EDGE,al-quadin-muhammad
Mike Ford,CB,Falcons,UFA,0.0,32.0,4000000.0,1140000.0,ATL,CB,mike-ford
Emmanuel Forbes,CB,Rams,UFA,72.5,26.0,3851892.0,15407568.0,LAR,CB,emmanuel-forbes
Micah McFadden,LB,Giants,UFA,1.0,27.0,3750000.0,2900000.0,NYG,LB,micah-mcfadden
Mason Rudolph,QB,Steelers,UFA,11.0,32.0,3750000.0,3000000.0,PIT,QB,mason-rudolph
Isaiah Pola-Mao,S,Raiders,UFA,96.0,28.0,3725000.0,3500000.0,LV,S,isaiah-pola-mao
Jack Campbell,LB,Lions,UFA,99.3,27.0,3680505.0,14722018.0,DET,LB,jack-campbell
Thomas Booker,IDL,Raiders,UFA,53.9,28.0,3674000.0,0.0,LV,IDL,thomas-booker
Sean Tucker,RB,Buccaneers,UFA,15.6,26.0,3520000.0,0.0,TB,RB,sean-tucker
Ronnie Hickman,S,Browns,UFA,98.5,26.0,3520000.0,0.0,CLE,S,ronnie-hickman
Jordan Meredith,C,Raiders,UFA,68.1,29.0,3520000.0,0.0,LV,OL,jordan-meredith
Ivan Pace Jr.,LB,Vikings,UFA,30.2,27.0,3520000.0,0.0,MIN,LB,ivan-pace-jr
Nahshon Wright,CB,Jets,UFA,97.0,29.0,3500000.0,3500000.0,NYJ,CB,nahshon-wright
Mac Jones,QB,49ers,Void,48.6,29.0,3500000.0,4750000.0,SF,QB,mac-jones
Trevor Penning,LT,Chargers,UFA,48.8,28.0,3500000.0,3500000.0,LAC,OL,trevor-penning
Nate Hobbs,CB,49ers,UFA,32.0,28.0,3500000.0,3110000.0,SF,CB,nate-hobbs
Andy Dalton,QB,Eagles,Void,9.1,40.0,3500000.0,3500000.0,PHI,QB,andy-dalton
Drue Tranquill,LB,Chiefs,UFA,84.9,32.0,3500000.0,2995000.0,KC,LB,drue-tranquill
"Chauncey Gardner-Johnson, Jr.",S,Bills,Void,72.1,30.0,3500000.0,3015000.0,BUF,S,chauncey-gardner-johnson-jr
Chuma Edoga,LT,Jaguars,UFA,8.6,30.0,3500000.0,3200000.0,JAX,OL,chuma-edoga
Drew Sample,TE,Bengals,UFA,53.6,31.0,3500000.0,2350000.0,CIN,TE,drew-sample
Kalif Raymond,WR,Bears,UFA,32.6,33.0,3500000.0,3000000.0,CHI,WR,kalif-raymond
Jack Fox,P,Lions,UFA,28.8,31.0,3491250.0,5895000.0,DET,ST,jack-fox
Deonte Banks,CB,Giants,UFA,41.3,26.0,3394851.0,13579404.0,NYG,CB,deonte-banks
Mazi Smith,IDL,Jets,UFA,12.8,26.0,3318674.0,13274694.0,NYJ,IDL,mazi-smith
Geno Smith,QB,Jets,UFA,86.9,37.0,3300000.0,3300000.0,NYJ,QB,geno-smith
Jermaine Johnson II,EDGE,Titans,UFA,60.5,28.0,3271861.0,13087444.0,TEN,EDGE,jermaine-johnson-ii
Spencer Burford,RG,Raiders,UFA,40.8,27.0,3255000.0,2745000.0,LV,OL,spencer-burford
Ashton Dulin,WR,Colts,UFA,15.2,30.0,3250000.0,2940000.0,IND,WR,ashton-dulin
Austin Hooper,TE,Falcons,UFA,46.8,33.0,3250000.0,2740000.0,ATL,TE,austin-hooper
Dalton Risner,LG,Bengals,UFA,69.1,32.0,3250000.0,1000000.0,CIN,OL,dalton-risner
Tremon Smith,CB,Texans,UFA,16.8,31.0,3250000.0,4500000.0,HOU,CB,tremon-smith
Greg Dulcich,TE,Dolphins,Void,24.9,27.0,3250000.0,2910000.0,MIA,TE,greg-dulcich
Devonte Wyatt,IDL,Packers,UFA,33.8,29.0,3215296.0,12861182.0,GB,IDL,devonte-wyatt
Cordell Volson,LG,Titans,UFA,0.0,29.0,3215000.0,2000000.0,TEN,OL,cordell-volson
Bryan Anger,P,Cowboys,UFA,27.7,39.0,3200000.0,3300000.0,DAL,ST,bryan-anger
Rock Ya-Sin,CB,Lions,UFA,55.3,31.0,3200000.0,2640000.0,DET,CB,rock-ya-sin
Blake Brandel,LT,Vikings,UFA,60.3,30.0,3166667.0,3100000.0,MIN,OL,blake-brandel
Myles Murphy,EDGE,Bengals,UFA,60.0,25.0,3146814.0,12587256.0,CIN,EDGE,myles-murphy
Tyrel Dodson,LB,Dolphins,UFA,85.0,29.0,3125000.0,2605000.0,MIA,LB,tyrel-dodson
Cameron Thomas,EDGE,Falcons,UFA,29.4,27.0,3095000.0,2500000.0,ATL,EDGE,cameron-thomas
Tress Way,P,Commanders,UFA,28.3,37.0,3037500.0,3012500.0,WAS,ST,tress-way
Dominique Robinson,EDGE,Texans,UFA,20.0,29.0,3000000.0,1500000.0,HOU,EDGE,dominique-robinson
Chris Paul,LG,Commanders,UFA,81.7,29.0,3000000.0,2475000.0,WAS,OL,chris-paul
D.J. Wonnum,EDGE,Lions,UFA,65.1,30.0,3000000.0,2270000.0,DET,EDGE,dj-wonnum
Solomon Thomas,IDL,Titans,UFA,37.9,32.0,3000000.0,3000000.0,TEN,IDL,solomon-thomas
Riley Dixon,P,Buccaneers,UFA,28.2,34.0,3000000.0,3000000.0,TB,ST,riley-dixon
Darnell Mooney,WR,Giants,UFA,71.0,30.0,3000000.0,3000000.0,NYG,WR,darnell-mooney
Sean Murphy-Bunting,CB,Cardinals,UFA,0.0,30.0,3000000.0,1750000.0,ARI,CB,sean-murphy-bunting
James Conner,RB,Cardinals,UFA,8.2,32.0,3000000.0,2100000.0,ARI,RB,james-conner
J.K. Scott,P,Chargers,UFA,31.6,32.0,3000000.0,3150000.0,LAC,ST,jk-scott
Carson Wentz,QB,Vikings,UFA,30.0,35.0,3000000.0,2645000.0,MIN,QB,carson-wentz
Brandin Echols,CB,Steelers,UFA,44.8,30.0,3000000.0,1830000.0,PIT,CB,brandin-echols
Durham Smythe,TE,Ravens,UFA,25.4,32.0,3000000.0,2000000.0,BAL,TE,durham-smythe
Christian Kirk,WR,49ers,UFA,37.3,31.0,3000000.0,2780000.0,SF,WR,christian-kirk
Shelby Harris,IDL,Giants,UFA,48.2,36.0,3000000.0,2660000.0,NYG,IDL,shelby-harris
Andrew Wingard,S,Cardinals,UFA,87.7,31.0,3000000.0,1850000.0,ARI,S,andrew-wingard
Ar'Darius Washington,S,Giants,UFA,5.4,28.0,3000000.0,1500000.0,NYG,S,ardarius-washington
Da'Shawn Hand,EDGE,Falcons,UFA,44.3,32.0,3000000.0,1500000.0,ATL,EDGE,dashawn-hand
Justice Hill,RB,Ravens,UFA,21.6,30.0,3000000.0,4441176.0,BAL,RB,justice-hill
Felix Anudike-Uzomah,EDGE,Chiefs,UFA,0.0,25.0,2954455.0,11817820.0,KC,EDGE,felix-anudike-uzomah
Daxton Hill,CB,Bengals,UFA,92.9,27.0,2916755.0,11667018.0,CIN,CB,daxton-hill
Kyle Hinton,RG,Falcons,UFA,16.9,29.0,2875000.0,2575000.0,ATL,OL,kyle-hinton
Denzel Perryman,LB,Chargers,UFA,29.3,35.0,2790000.0,500000.0,LAC,LB,denzel-perryman
Samson Ebukam,EDGE,Falcons,UFA,35.7,32.0,2765000.0,700000.0,ATL,EDGE,samson-ebukam
Michael Carter II,CB,Eagles,Void,22.2,28.0,2765000.0,1450000.0,PHI,CB,michael-carter-ii
Danny Pinter,C,Ravens,UFA,12.9,31.0,2750000.0,1500000.0,BAL,OL,danny-pinter
Lacale London,IDL,Falcons,UFA,24.5,30.0,2750000.0,750000.0,ATL,IDL,lacale-london
Troy Dye,LB,Chargers,UFA,46.5,31.0,2750000.0,3000000.0,LAC,LB,troy-dye
Luke Fortner,C,Panthers,UFA,60.3,29.0,2750000.0,1325000.0,CAR,OL,luke-fortner
Darian Kinnard,RT,Packers,UFA,27.1,28.0,2750000.0,1000000.0,GB,OL,darian-kinnard
Christian Harris,LB,Falcons,UFA,8.9,26.0,2750000.0,1985000.0,ATL,LB,christian-harris
Otito Ogbonnia,IDL,Cowboys,UFA,13.6,27.0,2750000.0,2000000.0,DAL,IDL,otito-ogbonnia
Malcolm Rodriguez,LB,Lions,UFA,6.5,28.0,2750000.0,2700000.0,DET,LB,malcolm-rodriguez
Akeem Davis-Gaither,LB,Colts,UFA,68.2,30.0,2725000.0,1500000.0,IND,LB,akeem-davis-gaither
M.J. Stewart,S,Texans,UFA,21.9,32.0,2700000.0,500000.0,HOU,S,mj-stewart
Mo Alie-Cox,TE,Colts,UFA,39.1,34.0,2687500.0,2187500.0,IND,TE,mo-alie-cox
Tommy Togiai,IDL,Texans,UFA,44.2,28.0,2680000.0,2295000.0,HOU,IDL,tommy-togiai
Jake Hansen,LB,Texans,UFA,0.9,29.0,2675000.0,1650000.0,HOU,LB,jake-hansen
Elijah Hicks,S,Bears,UFA,5.8,28.0,2600000.0,1687500.0,CHI,S,elijah-hicks
Julian Blackmon,S,Saints,UFA,6.0,29.0,2535000.0,1000000.0,NO,S,julian-blackmon
Evan Brown,RG,Texans,UFA,67.8,31.0,2500000.0,1000000.0,HOU,OL,evan-brown
Hunter Long,TE,Jaguars,UFA,22.4,29.0,2500000.0,3000000.0,JAX,TE,hunter-long
Andre Cisco,S,Jets,UFA,44.2,27.0,2500000.0,1250000.0,NYJ,S,andre-cisco
Oren Burks,LB,Bengals,UFA,31.2,32.0,2500000.0,750000.0,CIN,LB,oren-burks
Rigoberto Sanchez,P,Colts,UFA,30.7,33.0,2500000.0,2500000.0,IND,ST,rigoberto-sanchez
Skyy Moore,WR,Packers,UFA,9.8,27.0,2500000.0,1000000.0,GB,WR,skyy-moore
Brock Hoffman,RG,Steelers,UFA,40.0,28.0,2500000.0,750000.0,PIT,OL,brock-hoffman
Alec Anderson,RT,Bills,UFA,16.7,28.0,2500000.0,1800000.0,BUF,OL,alec-anderson
Sam Howell,QB,Cowboys,UFA,0.0,27.0,2500000.0,2500000.0,DAL,QB,sam-howell
Justin Watson,WR,Texans,UFA,5.9,31.0,2500000.0,3000000.0,HOU,WR,justin-watson
Brian Robinson Jr.,RB,Falcons,UFA,20.5,28.0,2500000.0,775000.0,ATL,RB,brian-robinson-jr
Eric Saubert,TE,Seahawks,UFA,25.6,33.0,2500000.0,788888.0,SEA,TE,eric-saubert
Trey Lance,QB,Chargers,UFA,8.7,27.0,2500000.0,2000000.0,LAC,QB,trey-lance
Josh Blackwell,CB,Bears,UFA,0.3,28.0,2500000.0,2450000.0,CHI,CB,josh-blackwell
Sam Williams,EDGE,Cowboys,UFA,42.8,28.0,2500000.0,2000000.0,DAL,EDGE,sam-williams
Ty Johnson,RB,Bills,UFA,29.6,30.0,2500000.0,2490000.0,BUF,RB,ty-johnson
Tyrod Taylor,QB,Packers,UFA,24.0,38.0,2500000.0,700000.0,GB,QB,tyrod-taylor
Drew Lock,QB,Seahawks,UFA,3.5,31.0,2500000.0,2250000.0,SEA,QB,drew-lock
Brett Toth,LT,49ers,UFA,34.4,31.0,2500000.0,2215000.0,SF,OL,brett-toth
Joey Porter Jr.,CB,Steelers,UFA,76.8,27.0,2404587.0,8999870.0,PIT,CB,joey-porter-jr
Andrew Billings,IDL,Cardinals,UFA,47.6,32.0,2400000.0,700000.0,ARI,IDL,andrew-billings
Will Levis,QB,Titans,UFA,0.0,28.0,2385541.0,8730957.0,TEN,QB,will-levis
Sam LaPorta,TE,Lions,UFA,47.0,26.0,2366500.0,7825179.0,DET,TE,sam-laporta
Treylon Burks,WR,Commanders,UFA,27.7,27.0,2350000.0,400000.0,WAS,WR,treylon-burks
Michael Mayer,TE,Raiders,UFA,46.8,26.0,2328410.0,7596697.0,LV,TE,michael-mayer
Steve Avila,LG,Rams,UFA,73.7,28.0,2313177.0,7442147.0,LAR,OL,steve-avila
Sam Okuayinonu,EDGE,49ers,UFA,53.0,29.0,2300000.0,1800000.0,SF,EDGE,sam-okuayinonu
Derick Hall,EDGE,Seahawks,UFA,37.2,26.0,2278901.0,7222566.0,SEA,EDGE,derick-hall
Andrew Ogletree,TE,Colts,UFA,21.1,29.0,2250000.0,1500000.0,IND,TE,andrew-ogletree
Bennett Skowronek,WR,Steelers,UFA,15.4,30.0,2250000.0,1080000.0,PIT,WR,bennett-skowronek
Nick Niemann,LB,Packers,UFA,0.0,30.0,2250000.0,500000.0,GB,LB,nick-niemann
Nick Mullens,QB,Jaguars,UFA,3.1,32.0,2250000.0,3000000.0,JAX,QB,nick-mullens
Matthew Bergeron,LG,Falcons,UFA,83.2,27.0,2244621.0,7014143.0,ATL,OL,matthew-bergeron
Percy Butler,S,Commanders,UFA,1.8,27.0,2150000.0,3406000.0,WAS,S,percy-butler
B.J. Ojulari,EDGE,Cardinals,UFA,17.8,25.0,2149404.0,6532849.0,ARI,EDGE,bj-ojulari
Tony Adams,S,Titans,UFA,41.5,28.0,2140000.0,1000000.0,TEN,S,tony-adams
Luke Musgrave,TE,Packers,UFA,40.7,27.0,2118936.0,6348437.0,GB,TE,luke-musgrave
Nick Bellore,LB,Commanders,UFA,0.7,38.0,2100000.0,1750000.0,WAS,LB,nick-bellore
Fred Johnson,RG,Eagles,Void,59.4,30.0,2100000.0,800000.0,PHI,OL,fred-johnson
Joe Tippmann,C,Jets,UFA,99.9,26.0,2089901.0,6167665.0,NYJ,OL,joe-tippmann
Julius Brents,CB,Dolphins,UFA,10.3,27.0,2049234.0,5975996.0,MIA,CB,julius-brents
Brian Branch,S,Lions,UFA,67.6,26.0,2005436.0,5623617.0,DET,S,brian-branch
Chris Williams,IDL,Falcons,UFA,20.4,29.0,2000000.0,500000.0,ATL,IDL,chris-williams
Kalia Davis,IDL,Browns,UFA,45.3,29.0,2000000.0,1745000.0,CLE,IDL,kalia-davis
Chris Rumph II,EDGE,Saints,UFA,30.0,29.0,2000000.0,2000000.0,NO,EDGE,chris-rumph-ii
Siran Neal,CB,49ers,Void,0.0,33.0,2000000.0,2255000.0,SF,CB,siran-neal
Naquan Jones,IDL,Texans,UFA,17.7,29.0,2000000.0,300000.0,HOU,IDL,naquan-jones
Kene Nwangwu,RB,Jets,UFA,2.7,29.0,2000000.0,1000000.0,NYJ,RB,kene-nwangwu
Thomas Incoom,EDGE,Panthers,UFA,2.4,28.0,2000000.0,1100000.0,CAR,EDGE,thomas-incoom
Jonathan Jones,CB,Eagles,Void,42.5,34.0,2000000.0,2000000.0,PHI,CB,jonathan-jones
Joey Slye,K,Titans,UFA,27.5,31.0,2000000.0,750000.0,TEN,ST,joey-slye
Kayode Awosika,RT,Chargers,UFA,26.0,29.0,2000000.0,300000.0,LAC,OL,kayode-awosika
Jonathan Bullard,IDL,Cowboys,UFA,29.7,34.0,2000000.0,1500000.0,DAL,IDL,jonathan-bullard
Christian Izien,S,Lions,UFA,15.9,27.0,2000000.0,1000000.0,DET,S,christian-izien
Corey Bojorquez,P,Browns,UFA,29.5,31.0,2000000.0,937500.0,CLE,ST,corey-bojorquez
Deane Leonard,CB,Chargers,UFA,3.5,28.0,2000000.0,1215000.0,LAC,CB,deane-leonard
John Jenkins,IDL,Ravens,UFA,46.1,38.0,2000000.0,345000.0,BAL,IDL,john-jenkins
Quintin Morris,TE,Jaguars,UFA,18.6,28.0,2000000.0,1700000.0,JAX,TE,quintin-morris
Stone Forsythe,LT,Panthers,UFA,70.9,30.0,2000000.0,1050000.0,CAR,OL,stone-forsythe
Sam Ehlinger,QB,Broncos,UFA,0.0,29.0,2000000.0,1000000.0,DEN,QB,sam-ehlinger
Matt Peart,RT,Broncos,UFA,5.6,30.0,2000000.0,755000.0,DEN,OL,matt-peart
Josh Whyle,TE,Packers,UFA,16.7,28.0,2000000.0,370000.0,GB,TE,josh-whyle
L.J. Collier,EDGE,Cardinals,UFA,8.6,32.0,2000000.0,750000.0,ARI,EDGE,lj-collier
Max Mitchell,LG,Jets,UFA,6.9,28.0,2000000.0,1000000.0,NYJ,OL,max-mitchell
Rachaad White,RB,Commanders,UFA,50.6,28.0,2000000.0,1715000.0,WAS,RB,rachaad-white
Nick Scott,S,Panthers,UFA,97.9,32.0,2000000.0,1100000.0,CAR,S,nick-scott
Grant Calcaterra,TE,Eagles,UFA,36.1,29.0,2000000.0,700000.0,PHI,TE,grant-calcaterra
Keion White,EDGE,49ers,UFA,41.4,28.0,1947543.0,5321683.0,SF,EDGE,keion-white
Quan Martin,S,Commanders,UFA,81.4,27.0,1909456.0,5111995.0,WAS,S,quan-martin
Blake Gillikin,P,Cardinals,UFA,9.7,29.0,1905000.0,450000.0,ARI,ST,blake-gillikin
John Metchie III,WR,Panthers,UFA,42.4,27.0,1900000.0,1000000.0,CAR,WR,john-metchie-iii
Joey Blount,S,Cardinals,UFA,0.0,29.0,1875000.0,400000.0,ARI,S,joey-blount
Cody Mauch,RT,Buccaneers,UFA,12.2,28.0,1871368.0,4613240.0,TB,OL,cody-mauch
Chad Ryland,K,Cardinals,UFA,33.3,28.0,1850000.0,475000.0,ARI,ST,chad-ryland
Devin Duvernay,WR,Cardinals,UFA,3.5,30.0,1850000.0,550000.0,ARI,WR,devin-duvernay
Keeanu Benton,IDL,Steelers,UFA,64.1,26.0,1833281.0,4279836.0,PIT,IDL,keeanu-benton
Josh Harris,LS,Chargers,UFA,16.0,38.0,1815000.0,1815000.0,LAC,ST,josh-harris
Kaiir Elam,CB,Chiefs,UFA,49.0,26.0,1810000.0,500000.0,KC,CB,kaiir-elam
Kader Kohou,CB,Chiefs,UFA,0.0,29.0,1810000.0,1810000.0,KC,CB,kader-kohou
Isiah Pacheco,RB,Lions,UFA,38.1,28.0,1810000.0,1810000.0,DET,RB,isiah-pacheco
Noah Igbinoghene,CB,Seahawks,UFA,32.7,28.0,1810000.0,750000.0,SEA,CB,noah-igbinoghene
Dareke Young,WR,Raiders,UFA,4.9,28.0,1802000.0,800000.0,LV,WR,dareke-young
Teddy Bridgewater,QB,Lions,UFA,3.1,35.0,1800000.0,1587500.0,DET,QB,teddy-bridgewater
Samaje Perine,RB,Bengals,UFA,31.1,32.0,1800000.0,400000.0,CIN,RB,samaje-perine
Miles Killebrew,S,Buccaneers,UFA,0.0,34.0,1790000.0,490000.0,TB,S,miles-killebrew
Brandon Pili,IDL,Seahawks,UFA,13.4,28.0,1765000.0,750000.0,SEA,IDL,brandon-pili
Robert Jones,RG,49ers,UFA,0.0,28.0,1750000.0,1640000.0,SF,OL,robert-jones
Dyami Brown,WR,Commanders,UFA,31.0,28.0,1750000.0,250000.0,WAS,WR,dyami-brown
Esezi Otomewo,EDGE,Steelers,UFA,14.9,28.0,1750000.0,187500.0,PIT,EDGE,esezi-otomewo
Andrew DePaola,LS,Vikings,UFA,29.8,40.0,1725000.0,1725000.0,MIN,ST,andrew-depaola
Brevin Jordan,TE,Texans,UFA,0.0,27.0,1720000.0,200000.0,HOU,TE,brevin-jordan
Zach Charbonnet,RB,Seahawks,UFA,45.4,26.0,1719020.0,3813333.0,SEA,RB,zach-charbonnet
James Winchester,LS,Chiefs,UFA,30.6,38.0,1700000.0,1700000.0,KC,ST,james-winchester
Brenton Cox Jr.,EDGE,Packers,UFA,7.1,27.0,1695000.0,250000.0,GB,EDGE,brenton-cox-jr
Gervon Dexter,IDL,Bears,UFA,62.0,27.0,1680933.0,3695612.0,CHI,IDL,gervon-dexter
James Mitchell,TE,Panthers,UFA,4.4,28.0,1655000.0,590000.0,CAR,TE,james-mitchell
Ko Kieft,TE,Buccaneers,UFA,2.6,29.0,1650000.0,600000.0,TB,TE,ko-kieft
Khalil Dorsey,CB,Lions,UFA,3.3,29.0,1650000.0,300000.0,DET,CB,khalil-dorsey
Tuli Tuipulotu,EDGE,Chargers,UFA,72.2,25.0,1642846.0,3577887.0,LAC,EDGE,tuli-tuipulotu
Nate Adkins,TE,Broncos,UFA,17.5,28.0,1635000.0,300000.0,DEN,TE,nate-adkins
Rashee Rice,WR,Chiefs,UFA,37.3,27.0,1623805.0,3519033.0,KC,WR,rashee-rice
Ian Thomas,TE,Raiders,UFA,32.0,31.0,1615000.0,612500.0,LV,TE,ian-thomas
Tyrique Stevenson,CB,Bears,UFA,54.8,27.0,1612376.0,3483707.0,CHI,CB,tyrique-stevenson
Matt Gay,K,Raiders,UFA,25.4,33.0,1600000.0,1350000.0,LV,ST,matt-gay
Emanuel Wilson,RB,Seahawks,UFA,31.0,28.0,1595000.0,550000.0,SEA,RB,emanuel-wilson
John Michael Schmitz,C,Giants,UFA,68.5,28.0,1593334.0,3424849.0,NYG,OL,john-michael-schmitz
Jalen Davis,CB,Bengals,UFA,24.8,31.0,1575000.0,100000.0,CIN,CB,jalen-davis
Luke Schoonmaker,TE,Cowboys,UFA,33.0,29.0,1566670.0,3342433.0,DAL,TE,luke-schoonmaker
O'Cyrus Torrence,RG,Bills,UFA,99.7,27.0,1555245.0,3307120.0,BUF,OL,ocyrus-torrence
Christian Rozeboom,LB,Buccaneers,UFA,77.9,30.0,1550000.0,950000.0,TB,LB,christian-rozeboom
Marcus Epps,S,Eagles,Void,22.2,31.0,1550000.0,125000.0,PHI,S,marcus-epps
D.J. Turner,CB,Bengals,UFA,89.4,27.0,1540010.0,3260030.0,CIN,CB,dj-turner
Brenton Strange,TE,Jaguars,UFA,51.4,27.0,1528586.0,3224717.0,JAX,TE,brenton-strange
Juice Scruggs,C,Lions,UFA,30.3,27.0,1524777.0,3212948.0,DET,OL,juice-scruggs
Marvin Mims,WR,Broncos,UFA,33.2,25.0,1517159.0,3189399.0,DEN,WR,marvin-mims
Martin Emerson,CB,Saints,UFA,0.0,27.0,1515000.0,650000.0,NO,CB,martin-emerson
Calvin Austin III,WR,Giants,UFA,43.3,28.0,1500000.0,450000.0,NYG,WR,calvin-austin-iii
Johnny Mundt,TE,Eagles,Void,33.8,33.0,1500000.0,750000.0,PHI,TE,johnny-mundt
DeAngelo Malone,EDGE,Falcons,UFA,1.7,28.0,1500000.0,215000.0,ATL,EDGE,deangelo-malone
Jake Moody,K,Commanders,UFA,18.8,28.0,1500000.0,125000.0,WAS,ST,jake-moody
Dawand Jones,RT,Browns,UFA,13.2,26.0,1500000.0,1245000.0,CLE,OL,dawand-jones
Tony Jefferson,S,Chargers,UFA,48.3,35.0,1500000.0,1400000.0,LAC,S,tony-jefferson
Jonathan Ford,IDL,Packers,UFA,11.6,29.0,1500000.0,100000.0,GB,IDL,jonathan-ford
Tycen Anderson,S,Broncos,UFA,5.9,28.0,1500000.0,650000.0,DEN,S,tycen-anderson
Josh Johnson,QB,Bengals,UFA,13.1,41.0,1500000.0,200000.0,CIN,QB,josh-johnson
Storm Norton,RT,Falcons,UFA,0.0,33.0,1500000.0,500000.0,ATL,OL,storm-norton
Matt Pryor,C,Cardinals,UFA,11.6,33.0,1487500.0,187500.0,ARI,OL,matt-pryor
Darnell Savage Jr.,S,Steelers,UFA,24.2,30.0,1487500.0,187500.0,PIT,S,darnell-savage-jr
Jerry Tillery,IDL,Colts,UFA,36.2,31.0,1487500.0,937500.0,IND,IDL,jerry-tillery
Chukwuma Okorafor,RT,Jets,UFA,0.0,30.0,1487500.0,1100000.0,NYJ,OL,chukwuma-okorafor
Jamaree Salyer,RG,Dolphins,UFA,39.3,27.0,1487500.0,187500.0,MIA,OL,jamaree-salyer
Jason Sanders,K,Giants,UFA,0.0,32.0,1487500.0,300000.0,NYG,ST,jason-sanders
Dan Feeney,LG,Buccaneers,UFA,58.8,33.0,1487500.0,1000000.0,TB,OL,dan-feeney
J.J. Jansen,LS,Panthers,UFA,28.6,41.0,1487500.0,1262500.0,CAR,ST,jj-jansen
Johnny Hekker,P,Vikings,UFA,28.8,37.0,1487500.0,1262500.0,MIN,ST,johnny-hekker
Lil'Jordan Humphrey,WR,Broncos,UFA,28.7,29.0,1487500.0,87500.0,DEN,WR,liljordan-humphrey
Jon Weeks,LS,49ers,UFA,29.2,41.0,1487500.0,1212500.0,SF,ST,jon-weeks
Marquez Valdes-Scantling,WR,Cowboys,UFA,31.8,33.0,1487500.0,187500.0,DAL,WR,marquez-valdes-scantling
Morgan Cox,LS,Titans,UFA,28.2,41.0,1487500.0,1262500.0,TEN,ST,morgan-cox
Lucas Patrick,LG,Giants,UFA,2.1,34.0,1487500.0,262500.0,NYG,OL,lucas-patrick
David Quessenberry,RT,Rams,UFA,1.6,37.0,1487500.0,1262500.0,LAR,OL,david-quessenberry
Chuck Clark,S,Lions,UFA,37.5,32.0,1487500.0,50000.0,DET,S,chuck-clark
Avonte Maddox,CB,Lions,UFA,31.0,31.0,1487500.0,687500.0,DET,CB,avonte-maddox
David Moore,WR,Panthers,UFA,7.6,32.0,1487500.0,0.0,CAR,WR,david-moore
Zane Gonzalez,K,Dolphins,UFA,17.7,32.0,1487500.0,100000.0,MIA,ST,zane-gonzalez
Austin Corbett,C,Bills,UFA,63.4,32.0,1487500.0,1262500.0,BUF,OL,austin-corbett
Bradley Pinion,P,Dolphins,UFA,39.8,33.0,1487500.0,1262500.0,MIA,ST,bradley-pinion
Aaron Stinnie,LG,Giants,UFA,5.2,33.0,1487500.0,62500.0,NYG,OL,aaron-stinnie
Trenton Scott,RT,Commanders,UFA,7.8,33.0,1487500.0,100000.0,WAS,OL,trenton-scott
Jeremy McNichols,RB,Commanders,UFA,32.0,32.0,1487500.0,562500.0,WAS,RB,jeremy-mcnichols
Chris Manhertz,TE,Giants,UFA,18.1,35.0,1487500.0,262500.0,NYG,TE,chris-manhertz
Laquon Treadwell,WR,Colts,UFA,3.4,32.0,1487500.0,437500.0,IND,WR,laquon-treadwell
J.T. Gray,S,Eagles,UFA,0.0,31.0,1487500.0,350000.0,PHI,S,jt-gray
Derrick Nnadi,IDL,Colts,UFA,29.6,31.0,1487500.0,537500.0,IND,IDL,derrick-nnadi
Lonnie Johnson Jr.,S,Dolphins,UFA,28.5,32.0,1487500.0,187500.0,MIA,S,lonnie-johnson-jr
Casey Kreiter,LS,Cardinals,UFA,26.9,37.0,1487500.0,1262500.0,ARI,ST,casey-kreiter
Andrew Beck,TE,Jets,UFA,10.5,31.0,1487500.0,1262500.0,NYJ,TE,andrew-beck
Corey Levin,C,Falcons,UFA,18.5,33.0,1485000.0,0.0,ATL,OL,corey-levin
Kentavius Street,EDGE,Bears,UFA,19.6,31.0,1480000.0,100000.0,CHI,EDGE,kentavius-street
Mitch Wishnowsky,P,Bills,UFA,21.4,35.0,1475000.0,150000.0,BUF,ST,mitch-wishnowsky
Starling Thomas V,CB,Cardinals,UFA,0.0,27.0,1475000.0,325000.0,ARI,CB,starling-thomas-v
Tyler Ott,LS,Commanders,UFA,26.4,35.0,1463333.0,1610000.0,WAS,ST,tyler-ott
Brandon Allen,QB,Giants,UFA,4.6,35.0,1450000.0,250000.0,NYG,QB,brandon-allen
Matt Dickerson,IDL,Jaguars,UFA,17.9,32.0,1450000.0,100000.0,JAX,IDL,matt-dickerson
Deatrich Wise,EDGE,Commanders,UFA,4.5,33.0,1450000.0,75000.0,WAS,EDGE,deatrich-wise
Tyler Steen,RT,Eagles,UFA,95.7,27.0,1437610.0,1182136.0,PHI,OL,tyler-steen
Sydney Brown,S,Falcons,UFA,22.1,27.0,1437277.0,1181168.0,ATL,S,sydney-brown
Drew Sanders,LB,Broncos,UFA,0.0,27.0,1433683.0,1170712.0,DEN,LB,drew-sanders
Lucas Krull,TE,Broncos,UFA,4.6,29.0,1430000.0,100000.0,DEN,TE,lucas-krull
Jaleel McLaughlin,RB,Broncos,UFA,7.5,27.0,1430000.0,125000.0,DEN,RB,jaleel-mclaughlin
Tank Dell,WR,Texans,UFA,0.0,28.0,1422276.0,1137528.0,HOU,WR,tank-dell
Byron Young,IDL,Eagles,UFA,30.0,27.0,1417178.0,1122696.0,PHI,IDL,byron-young
Luke Tenuta,LT,Colts,UFA,2.6,28.0,1415000.0,300000.0,IND,OL,luke-tenuta
Jack Cochrane,LB,Chiefs,UFA,8.6,28.0,1415000.0,650000.0,KC,LB,jack-cochrane
Kendre Miller,RB,Saints,UFA,10.1,25.0,1413578.0,1112228.0,NO,RB,kendre-miller
Ahkello Witherspoon,CB,Commanders,UFA,15.4,32.0,1412500.0,125000.0,WAS,CB,ahkello-witherspoon
Garrett Williams,CB,Cardinals,UFA,48.3,26.0,1408733.0,1098132.0,ARI,CB,garrett-williams
Jalin Hyatt,WR,Giants,UFA,14.9,26.0,1406329.0,1091140.0,NYG,WR,jalin-hyatt
Cedric Tillman,WR,Browns,UFA,47.6,27.0,1402616.0,1080336.0,CLE,WR,cedric-tillman
Nick Westbrook-Ikhine,WR,Colts,UFA,39.3,30.0,1402500.0,437500.0,IND,WR,nick-westbrook-ikhine
Matt Hennessy,C,Cowboys,UFA,15.4,30.0,1402500.0,1262500.0,DAL,OL,matt-hennessy
Lloyd Cushenberry,C,Bills,UFA,87.3,30.0,1402500.0,1262500.0,BUF,OL,lloyd-cushenberry
Jonah Williams,IDL,Cardinals,UFA,29.0,32.0,1402500.0,187500.0,ARI,IDL,jonah-williams
Terrell Burgess,S,Saints,UFA,10.5,29.0,1402500.0,25000.0,NO,S,terrell-burgess
Rodney Thomas,CB,Seahawks,UFA,12.9,29.0,1402500.0,187500.0,SEA,CB,rodney-thomas
Mykal Walker,LB,Jets,UFA,17.2,30.0,1402500.0,187500.0,NYJ,LB,mykal-walker
Jack Driscoll,RT,Steelers,UFA,0.0,30.0,1402500.0,187500.0,PIT,OL,jack-driscoll
Trevis Gipson,EDGE,Panthers,UFA,22.9,30.0,1402500.0,598800.0,CAR,EDGE,trevis-gipson
Jonathan Owens,S,Colts,UFA,4.4,32.0,1402500.0,187500.0,IND,S,jonathan-owens
Xavier Newman-Johnson,RG,Jets,UFA,3.0,28.0,1402500.0,0.0,NYJ,OL,xavier-newman-johnson
Elijah Campbell,S,Giants,UFA,2.5,32.0,1402500.0,50000.0,NYG,S,elijah-campbell
Myles Bryant,CB,Browns,UFA,33.0,29.0,1402500.0,517500.0,CLE,CB,myles-bryant
Julius Chestnut,RB,Titans,UFA,3.8,27.0,1402500.0,102500.0,TEN,RB,julius-chestnut
Darrell Baker Jr.,CB,Dolphins,UFA,68.2,29.0,1402500.0,1262500.0,MIA,CB,darrell-baker-jr
Geno Stone,S,Bills,UFA,93.1,28.0,1402500.0,187500.0,BUF,S,geno-stone
Kindle Vildor,CB,Patriots,UFA,15.8,30.0,1402500.0,437500.0,NE,CB,kindle-vildor
Anfernee Jennings,EDGE,Saints,UFA,27.4,30.0,1402500.0,187500.0,NO,EDGE,anfernee-jennings
Akayleb Evans,CB,Panthers,UFA,4.8,28.0,1402500.0,598800.0,CAR,CB,akayleb-evans
Riley Patterson,K,Dolphins,UFA,32.9,29.0,1402500.0,0.0,MIA,ST,riley-patterson
Greg Dortch,WR,Lions,UFA,25.7,29.0,1402500.0,1075000.0,DET,WR,greg-dortch
Eric Johnson,IDL,Vikings,UFA,11.4,29.0,1402500.0,93750.0,MIN,IDL,eric-johnson
Jerome Ford,RB,Commanders,UFA,24.8,28.0,1402500.0,437500.0,WAS,RB,jerome-ford
Isaiah Simmons,LB,Panthers,UFA,0.1,29.0,1402500.0,187500.0,CAR,LB,isaiah-simmons
Zach Wilson,QB,Saints,UFA,2.6,28.0,1402500.0,598800.0,NO,QB,zach-wilson
Gunner Olszewski,WR,Giants,UFA,10.3,31.0,1402500.0,300000.0,NYG,WR,gunner-olszewski
Charlie Heck,RT,Dolphins,UFA,41.7,31.0,1402500.0,187500.0,MIA,OL,charlie-heck
Zayne Anderson,S,Dolphins,UFA,2.0,30.0,1402500.0,752500.0,MIA,S,zayne-anderson
Daniel Faalele,RT,Giants,UFA,99.6,28.0,1402500.0,687500.0,NYG,OL,daniel-faalele
Roger McCreary,CB,Lions,UFA,32.2,27.0,1402500.0,987500.0,DET,CB,roger-mccreary
Joe Tryon-Shoyinka,EDGE,Eagles,UFA,13.2,28.0,1402500.0,662500.0,PHI,EDGE,joe-tryon-shoyinka
David Ojabo,EDGE,Dolphins,UFA,17.3,27.0,1402500.0,0.0,MIA,EDGE,david-ojabo
Cam Taylor-Britt,CB,Colts,UFA,32.0,28.0,1402500.0,687500.0,IND,CB,cam-taylor-britt
Drake Jackson,EDGE,Commanders,UFA,5.4,26.0,1402500.0,500000.0,WAS,EDGE,drake-jackson
Jalen Tolbert,WR,Dolphins,UFA,39.1,28.0,1402500.0,1262500.0,MIA,WR,jalen-tolbert
Azeez Ojulari,EDGE,Falcons,UFA,6.0,27.0,1402500.0,387500.0,ATL,EDGE,azeez-ojulari
James Hudson,RT,Patriots,UFA,7.4,28.0,1402500.0,537500.0,NE,OL,james-hudson
Tutu Atwell,WR,Dolphins,UFA,16.5,28.0,1402500.0,1075000.0,MIA,WR,tutu-atwell
Adam Prentice,FB,Broncos,UFA,18.5,30.0,1402500.0,587500.0,DEN,RB,adam-prentice
Damone Clark,LB,Lions,UFA,9.3,27.0,1402500.0,75000.0,DET,LB,damone-clark
Simi Fehoko,WR,Cardinals,UFA,3.3,30.0,1402500.0,1262500.0,ARI,WR,simi-fehoko
K.J. Britt,LB,Patriots,UFA,14.8,28.0,1402500.0,687500.0,NE,LB,kj-britt
Van Jefferson,WR,Commanders,UFA,55.2,31.0,1402500.0,527500.0,WAS,WR,van-jefferson
Jason Pinnock,S,Giants,UFA,45.5,28.0,1402500.0,200000.0,NYG,S,jason-pinnock
A.J. Dillon,RB,Panthers,UFA,4.7,29.0,1402500.0,100000.0,CAR,RB,aj-dillon
Kyle Dugger,S,Bengals,UFA,66.0,31.0,1402500.0,75000.0,CIN,S,kyle-dugger
"Willie Gay, Jr.",LB,Dolphins,UFA,13.1,29.0,1402500.0,687500.0,MIA,LB,willie-gay-jr
Justin Skule,LT,Buccaneers,UFA,57.7,31.0,1402500.0,500000.0,TB,OL,justin-skule
Tylan Wallace,WR,Browns,UFA,18.2,28.0,1402500.0,125000.0,CLE,WR,tylan-wallace
Kylen Granson,TE,Titans,UFA,23.1,29.0,1402500.0,625000.0,TEN,TE,kylen-granson
Olisaemeka Udoh,LT,Cardinals,UFA,32.3,30.0,1402500.0,350000.0,ARI,OL,olisaemeka-udoh
Joshua Uche,EDGE,Dolphins,UFA,21.7,29.0,1402500.0,1262500.0,MIA,EDGE,joshua-uche
Shy Tuttle,IDL,Commanders,UFA,16.5,32.0,1400000.0,50000.0,WAS,IDL,shy-tuttle
Ronnie Harrison,S,Dolphins,UFA,25.1,30.0,1400000.0,0.0,MIA,S,ronnie-harrison
Chazz Surratt,LB,Seahawks,UFA,0.6,30.0,1400000.0,350000.0,SEA,LB,chazz-surratt
Michael Burton,FB,Browns,UFA,0.0,35.0,1400000.0,60000.0,CLE,RB,michael-burton
Cameron Sample,EDGE,49ers,UFA,21.5,28.0,1393500.0,225000.0,SF,EDGE,cameron-sample
Zach Harrison,EDGE,Falcons,UFA,21.7,26.0,1392112.0,1049780.0,ATL,EDGE,zach-harrison
Marte Mapu,LB,Texans,UFA,11.7,28.0,1390927.0,1046332.0,HOU,LB,marte-mapu
Byron Young,EDGE,Rams,UFA,76.1,29.0,1388810.0,1040172.0,LAR,EDGE,byron-young
D'Anthony Bell,S,Seahawks,UFA,8.5,31.0,1385000.0,125000.0,SEA,S,danthony-bell
Tucker Kraft,TE,Packers,UFA,41.8,27.0,1384483.0,1027588.0,GB,TE,tucker-kraft
Josh Downs,WR,Colts,UFA,55.4,26.0,1380114.0,1014876.0,IND,WR,josh-downs
Mecole Hardman,WR,Bills,UFA,0.4,29.0,1375000.0,0.0,BUF,WR,mecole-hardman
Tyjae Spears,RB,Titans,UFA,35.4,26.0,1372651.0,993164.0,TEN,RB,tyjae-spears
YaYa Diaby,EDGE,Buccaneers,UFA,75.0,28.0,1366353.0,974844.0,TB,EDGE,yaya-diaby
Mohamoud Diabate,LB,Titans,UFA,28.2,26.0,1363000.0,350000.0,TEN,LB,mohamoud-diabate
Riley Moss,CB,Broncos,UFA,96.9,27.0,1361873.0,961812.0,DEN,CB,riley-moss
Devon Achane,RB,Dolphins,Void,70.9,26.0,1359363.0,954508.0,MIA,RB,devon-achane
Daiyan Henley,LB,Chargers,UFA,91.4,28.0,1355107.0,942128.0,LAC,LB,daiyan-henley
Trenton Simpson,LB,Ravens,UFA,35.9,26.0,1351126.0,930548.0,BAL,LB,trenton-simpson
Mike Caliendo,LG,Chiefs,UFA,37.9,30.0,1350000.0,650000.0,KC,OL,mike-caliendo
Trevor Nowaske,LB,Lions,UFA,6.7,29.0,1350000.0,550000.0,DET,LB,trevor-nowaske
Tanner Hudson,TE,Bengals,UFA,13.3,33.0,1350000.0,50000.0,CIN,TE,tanner-hudson
Ji'Ayir Brown,S,49ers,UFA,73.8,27.0,1348951.0,924220.0,SF,S,jiayir-brown
Tank Bigsby,RB,Eagles,UFA,13.1,25.0,1348230.0,922120.0,PHI,RB,tank-bigsby
Kobie Turner,IDL,Rams,UFA,66.8,28.0,1347868.0,921068.0,LAR,IDL,kobie-turner
DeMarvion Overshown,LB,Cowboys,UFA,19.7,27.0,1347506.0,920016.0,DAL,LB,demarvion-overshown
Dorian Williams,LB,Bills,UFA,44.2,26.0,1345702.0,914768.0,BUF,LB,dorian-williams
Wanya Morris,LT,Chiefs,UFA,5.9,27.0,1342088.0,904256.0,KC,OL,wanya-morris
Cameron Goode,EDGE,Dolphins,UFA,11.1,29.0,1340000.0,50000.0,MIA,EDGE,cameron-goode
Darnell Washington,TE,Steelers,UFA,53.0,26.0,1338478.0,893752.0,PIT,TE,darnell-washington
Michael Wilson,WR,Cardinals,UFA,81.3,27.0,1334866.0,883244.0,ARI,WR,michael-wilson
Ben Sims,TE,Dolphins,UFA,8.4,27.0,1332500.0,187500.0,MIA,TE,ben-sims
Juanyeh Thomas,S,Colts,RFA,24.0,27.0,1332500.0,437500.0,IND,S,juanyeh-thomas
Ryan McCollum,C,Steelers,UFA,5.8,29.0,1332500.0,75000.0,PIT,OL,ryan-mccollum
Jake Browning,QB,Buccaneers,UFA,19.1,31.0,1332500.0,400000.0,TB,QB,jake-browning
Jordan Battle,S,Bengals,UFA,96.1,27.0,1331254.0,872740.0,CIN,S,jordan-battle
Tre Tucker,WR,Raiders,UFA,94.9,26.0,1326021.0,857512.0,LV,WR,tre-tucker
Mekhi Blackmon,CB,Colts,UFA,67.3,28.0,1326021.0,857512.0,IND,CB,mekhi-blackmon
D.J. Davidson,IDL,Commanders,UFA,23.0,28.0,1325000.0,20000.0,WAS,IDL,dj-davidson
James Lynch,IDL,Bears,UFA,31.5,28.0,1315000.0,100000.0,CHI,IDL,james-lynch
Marco Wilson,CB,Dolphins,UFA,2.0,28.0,1315000.0,0.0,MIA,CB,marco-wilson
Derion Kendrick,CB,Cowboys,UFA,11.9,27.0,1315000.0,0.0,DAL,CB,derion-kendrick
Jack Stoll,TE,Browns,UFA,18.6,29.0,1315000.0,0.0,CLE,TE,jack-stoll
Mike Brown,S,Patriots,UFA,2.8,28.0,1315000.0,50000.0,NE,S,mike-brown
Jaylon Jones,CB,Bears,UFA,3.6,30.0,1315000.0,707500.0,CHI,CB,jaylon-jones
Elijah Moore,WR,Eagles,UFA,16.4,27.0,1315000.0,0.0,PHI,WR,elijah-moore
Kristian Welch,LB,Packers,UFA,0.2,29.0,1310000.0,10000.0,GB,LB,kristian-welch
Corey Ballentine,CB,Cowboys,UFA,2.1,31.0,1300000.0,0.0,DAL,CB,corey-ballentine
Cody Ford,RG,Bengals,UFA,6.6,31.0,1300000.0,0.0,CIN,OL,cody-ford
Cam Jones,LB,Giants,UFA,0.4,28.0,1300000.0,225000.0,NYG,LB,cam-jones
Travis Homer,RB,Steelers,UFA,0.5,29.0,1300000.0,0.0,PIT,RB,travis-homer
Trent Sherfield,WR,Bills,UFA,16.3,31.0,1300000.0,0.0,BUF,WR,trent-sherfield
Jordan McFadden,LG,Bears,UFA,0.2,28.0,1300000.0,25000.0,CHI,OL,jordan-mcfadden
Phillip Dorsett,WR,Raiders,UFA,0.0,34.0,1300000.0,0.0,LV,WR,phillip-dorsett
Joshua Ezeudu,LG,Giants,UFA,0.0,28.0,1300000.0,410300.0,NYG,OL,joshua-ezeudu
Eli Apple,CB,49ers,UFA,0.1,32.0,1300000.0,0.0,SF,CB,eli-apple
Devin Singletary,RB,Giants,UFA,27.0,30.0,1300000.0,0.0,NYG,RB,devin-singletary
Rakeem Nunez-Roches,IDL,Buccaneers,UFA,21.6,34.0,1300000.0,300000.0,TB,IDL,rakeem-nunez-roches
Kyler Murray,QB,Vikings,UFA,28.0,30.0,1300000.0,0.0,MIN,QB,kyler-murray
Tyler Conklin,TE,Lions,UFA,14.8,32.0,1300000.0,0.0,DET,TE,tyler-conklin
Cameron Johnston,P,Steelers,UFA,7.9,35.0,1300000.0,0.0,PIT,ST,cameron-johnston
Trevor Siemian,QB,Falcons,UFA,0.0,36.0,1300000.0,0.0,ATL,QB,trevor-siemian
Claudin Cherelus,LB,Panthers,UFA,19.6,28.0,1295000.0,461300.0,CAR,LB,claudin-cherelus
Dameon Pierce,RB,Eagles,UFA,2.4,27.0,1290000.0,250000.0,PHI,RB,dameon-pierce
Corliss Waitman,P,49ers,UFA,28.2,32.0,1290000.0,475000.0,SF,ST,corliss-waitman
Stone Smartt,TE,Eagles,UFA,8.1,29.0,1290000.0,225000.0,PHI,TE,stone-smartt
Leki Fotu,IDL,Giants,UFA,17.5,29.0,1290000.0,25000.0,NYG,IDL,leki-fotu
Ross Matiscik,LS,Jaguars,UFA,30.2,31.0,1267500.0,800000.0,JAX,ST,ross-matiscik
DeeJay Dallas,RB,Jaguars,UFA,2.4,29.0,1265000.0,200000.0,JAX,RB,deejay-dallas
Harrison Bryant,TE,Seahawks,UFA,14.9,29.0,1265000.0,50000.0,SEA,TE,harrison-bryant
Damar Hamlin,S,Bills,UFA,1.2,29.0,1265000.0,25000.0,BUF,S,damar-hamlin
Ta'Quon Graham,IDL,Eagles,UFA,5.2,29.0,1265000.0,125000.0,PHI,IDL,taquon-graham
Feleipe Franks,TE,Panthers,UFA,1.4,30.0,1265000.0,0.0,CAR,TE,feleipe-franks
Spencer Shrader,K,Colts,RFA,12.4,28.0,1255000.0,750000.0,IND,ST,spencer-shrader
Ronnie Rivers,RB,Rams,UFA,1.7,28.0,1251000.0,330300.0,LAR,RB,ronnie-rivers
Emari Demercado,RB,Chiefs,UFA,17.3,28.0,1250000.0,550000.0,KC,RB,emari-demercado
Tyrus Wheat,EDGE,Cowboys,UFA,6.0,28.0,1245000.0,100000.0,DAL,EDGE,tyrus-wheat
Isaiah Hodgins,WR,Giants,UFA,31.6,29.0,1240000.0,0.0,NYG,WR,isaiah-hodgins
Keith Taylor,CB,Jaguars,UFA,5.9,28.0,1240000.0,0.0,JAX,CB,keith-taylor
Garret Wallow,LB,49ers,UFA,4.2,28.0,1240000.0,330300.0,SF,LB,garret-wallow
Teagan Quitoriano,TE,Cardinals,UFA,12.1,27.0,1240000.0,0.0,ARI,TE,teagan-quitoriano
Shemar Jean-Charles,CB,Seahawks,UFA,0.0,29.0,1240000.0,0.0,SEA,CB,shemar-jean-charles
Cal Adomitis,LS,Steelers,UFA,18.5,29.0,1240000.0,0.0,PIT,ST,cal-adomitis
Joe Giles-Harris,LB,Bengals,RFA,2.9,30.0,1235000.0,0.0,CIN,LB,joe-giles-harris
Tom Kennedy,WR,Lions,UFA,4.4,31.0,1235000.0,20000.0,DET,WR,tom-kennedy
Christian Kuntz,LS,Steelers,UFA,0.0,33.0,1225000.0,325000.0,PIT,ST,christian-kuntz
Alex Austin,CB,Dolphins,UFA,14.1,26.0,1220000.0,0.0,MIA,CB,alex-austin
Cameron Mitchell,CB,Colts,UFA,22.7,26.0,1220000.0,25000.0,IND,CB,cameron-mitchell
Albert Okwuegbunam,TE,Raiders,UFA,3.1,29.0,1215000.0,0.0,LV,TE,albert-okwuegbunam
Ben Bartch,LT,Lions,UFA,17.8,29.0,1215000.0,330300.0,DET,OL,ben-bartch
Darnay Holmes,CB,Falcons,UFA,15.4,29.0,1215000.0,0.0,ATL,CB,darnay-holmes
Tyre Phillips,LG,Browns,UFA,0.0,30.0,1215000.0,0.0,CLE,OL,tyre-phillips
Malik Turner,WR,49ers,UFA,1.5,31.0,1215000.0,0.0,SF,WR,malik-turner
Julian Okwara,EDGE,Browns,UFA,0.0,30.0,1215000.0,0.0,CLE,EDGE,julian-okwara
Parris Campbell,WR,Cowboys,UFA,0.2,30.0,1215000.0,0.0,DAL,WR,parris-campbell
Jedrick Wills,LT,Bears,UFA,0.0,28.0,1215000.0,0.0,CHI,OL,jedrick-wills
Tua Tagovailoa,QB,Falcons,UFA,79.1,29.0,1215000.0,0.0,ATL,QB,tua-tagovailoa
Nasir Adderley,S,Colts,UFA,0.0,30.0,1215000.0,0.0,IND,S,nasir-adderley
Kemon Hall,CB,Buccaneers,UFA,6.2,30.0,1215000.0,0.0,TB,CB,kemon-hall
David Sills,WR,Buccaneers,UFA,51.6,32.0,1215000.0,0.0,TB,WR,david-sills
Michael Deiter,C,Broncos,UFA,0.0,31.0,1215000.0,0.0,DEN,OL,michael-deiter
D'Angelo Ross,CB,Browns,UFA,3.9,31.0,1215000.0,0.0,CLE,CB,dangelo-ross
Will Grier,QB,Panthers,UFA,0.0,32.0,1215000.0,0.0,CAR,QB,will-grier
Saahdiq Charles,LT,Panthers,UFA,0.0,28.0,1215000.0,0.0,CAR,OL,saahdiq-charles
Ihmir Smith-Marsette,WR,Cardinals,UFA,0.0,28.0,1215000.0,0.0,ARI,WR,ihmir-smith-marsette
Amani Oruwariye,CB,Ravens,UFA,0.0,31.0,1215000.0,0.0,BAL,CB,amani-oruwariye
Tre Avery,CB,Browns,UFA,4.0,30.0,1215000.0,0.0,CLE,CB,tre-avery
Evan Neal,RG,Giants,UFA,0.0,27.0,1215000.0,0.0,NYG,OL,evan-neal
Ben Cleveland,RG,Chargers,UFA,0.3,29.0,1215000.0,0.0,LAC,OL,ben-cleveland
Cole Christiansen,LB,Chiefs,RFA,2.2,30.0,1215000.0,247500.0,KC,LB,cole-christiansen
Terrace Marshall Jr.,WR,Dolphins,UFA,0.0,27.0,1215000.0,0.0,MIA,WR,terrace-marshall-jr
Troy Andersen,LB,Falcons,UFA,0.0,28.0,1215000.0,0.0,ATL,LB,troy-andersen
Jack Sanborn,LB,Bears,UFA,20.8,27.0,1215000.0,0.0,CHI,LB,jack-sanborn
Patrick Taylor,RB,49ers,UFA,0.0,29.0,1215000.0,0.0,SF,RB,patrick-taylor
Dan Chisena,WR,Panthers,UFA,0.4,30.0,1215000.0,0.0,CAR,WR,dan-chisena
Nephi Sewell,LB,Bears,RFA,0.0,29.0,1215000.0,0.0,CHI,LB,nephi-sewell
Velus Jones Jr.,RB,Seahawks,UFA,0.8,30.0,1215000.0,0.0,SEA,RB,velus-jones-jr
Zach Triner,LS,Giants,UFA,1.9,36.0,1215000.0,0.0,NYG,ST,zach-triner
Levi Onwuzurike,IDL,Lions,UFA,0.0,29.0,1215000.0,0.0,DET,IDL,levi-onwuzurike
Channing Tindall,LB,Falcons,UFA,0.3,27.0,1215000.0,0.0,ATL,LB,channing-tindall
Elijah Garcia,IDL,Falcons,RFA,8.0,29.0,1215000.0,0.0,ATL,IDL,elijah-garcia
Michael Carter,RB,Titans,UFA,34.6,28.0,1215000.0,0.0,TEN,RB,michael-carter
Dallis Flowers,CB,Bears,RFA,0.0,30.0,1215000.0,0.0,CHI,CB,dallis-flowers
Jack Jones,CB,49ers,UFA,91.5,30.0,1215000.0,0.0,SF,CB,jack-jones
Pierre Strong Jr.,RB,Packers,UFA,0.0,29.0,1215000.0,0.0,GB,RB,pierre-strong-jr
Bailey Zappe,QB,Jets,UFA,0.0,28.0,1215000.0,0.0,NYJ,QB,bailey-zappe
A.J. Green,CB,Dolphins,UFA,0.7,29.0,1215000.0,0.0,MIA,CB,aj-green
Tanner Conner,WR,Giants,UFA,18.4,29.0,1215000.0,0.0,NYG,WR,tanner-conner
Nick Leverett,LG,Cowboys,UFA,0.0,30.0,1215000.0,0.0,DAL,OL,nick-leverett
Ty Chandler,RB,Saints,UFA,4.2,29.0,1215000.0,0.0,NO,RB,ty-chandler
Samuel Womack,CB,Jets,UFA,11.6,28.0,1215000.0,0.0,NYJ,CB,samuel-womack
Joe Bachie,LB,Lions,UFA,13.4,29.0,1215000.0,0.0,DET,LB,joe-bachie
Nick Zakelj,LG,49ers,UFA,2.0,28.0,1215000.0,0.0,SF,OL,nick-zakelj
Calvin Throckmorton,RG,Broncos,UFA,3.0,31.0,1215000.0,0.0,DEN,OL,calvin-throckmorton
Sean McKeon,TE,Colts,UFA,0.7,30.0,1215000.0,0.0,IND,TE,sean-mckeon
Ja'Sir Taylor,CB,Bengals,UFA,12.3,28.0,1215000.0,0.0,CIN,CB,jasir-taylor
Jay Tufele,IDL,Lions,UFA,20.4,28.0,1215000.0,0.0,DET,IDL,jay-tufele
Sam Roberts,IDL,Giants,UFA,9.2,29.0,1215000.0,0.0,NYG,IDL,sam-roberts
Quez Watkins,WR,Eagles,UFA,0.0,29.0,1215000.0,0.0,PHI,WR,quez-watkins
Darrick Forrest,S,49ers,UFA,0.0,28.0,1215000.0,0.0,SF,S,darrick-forrest
Malik Herring,EDGE,Titans,UFA,0.6,30.0,1215000.0,0.0,TEN,EDGE,malik-herring
Foster Sarell,LT,Commanders,UFA,15.5,29.0,1215000.0,0.0,WAS,OL,foster-sarell
Robert Rochell,CB,Panthers,UFA,0.0,29.0,1215000.0,0.0,CAR,CB,robert-rochell
Tim Jones,WR,Jaguars,UFA,2.3,29.0,1215000.0,0.0,JAX,WR,tim-jones
Marlon Tuipulotu,IDL,Giants,UFA,1.6,28.0,1215000.0,0.0,NYG,IDL,marlon-tuipulotu
Tyler Johnson,WR,Cowboys,UFA,27.9,29.0,1215000.0,0.0,DAL,WR,tyler-johnson
Curtis Robinson,LB,Cowboys,UFA,22.9,29.0,1215000.0,0.0,DAL,LB,curtis-robinson
Sam Kamara,IDL,Browns,UFA,9.1,30.0,1215000.0,0.0,CLE,IDL,sam-kamara
Brandon Parker,RT,49ers,UFA,0.0,32.0,1215000.0,0.0,SF,OL,brandon-parker
Larrell Murchison,EDGE,Rams,UFA,11.2,30.0,1215000.0,330300.0,LAR,EDGE,larrell-murchison
K.J. Osborn,WR,Titans,UFA,0.0,30.0,1215000.0,0.0,TEN,WR,kj-osborn
Austin Deculus,RT,Titans,UFA,45.1,28.0,1200000.0,25000.0,TEN,OL,austin-deculus
Blake Grupe,K,Colts,UFA,30.4,29.0,1195000.0,0.0,IND,ST,blake-grupe
Jovaughn Gwyn,C,Ravens,UFA,1.0,28.0,1195000.0,0.0,BAL,OL,jovaughn-gwyn
Phidarian Mathis,IDL,Bills,UFA,12.2,29.0,1195000.0,25000.0,BUF,IDL,phidarian-mathis
Zonovan Knight,RB,Cardinals,UFA,24.9,26.0,1195000.0,25000.0,ARI,RB,zonovan-knight
Robert Beal Jr.,EDGE,Dolphins,UFA,9.6,28.0,1195000.0,50000.0,MIA,EDGE,robert-beal-jr
C.J. Henderson,CB,Falcons,UFA,14.8,29.0,1192500.0,0.0,ATL,CB,cj-henderson
Kendrick Green,RG,Browns,UFA,0.0,29.0,1192500.0,0.0,CLE,OL,kendrick-green
Tre Brown,CB,Jets,UFA,5.0,30.0,1192500.0,0.0,NYJ,CB,tre-brown
Nick Saldiveri,LG,Saints,UFA,0.0,27.0,1186320.0,842280.0,NO,OL,nick-saldiveri
Zaire Barnes,LB,Giants,UFA,8.3,28.0,1175000.0,250000.0,NYG,LB,zaire-barnes
Jelani Woods,TE,Jets,UFA,5.7,29.0,1175000.0,0.0,NYJ,TE,jelani-woods
Chad Muma,LB,Patriots,UFA,5.1,28.0,1170000.0,0.0,NE,LB,chad-muma
Jakorian Bennett,CB,Eagles,UFA,9.0,27.0,1165897.0,823588.0,PHI,CB,jakorian-bennett
Kelee Ringo,CB,Eagles,UFA,27.6,25.0,1165232.0,820928.0,PHI,CB,kelee-ringo
Blake Freeland,LT,Colts,UFA,0.0,26.0,1163972.0,815888.0,IND,OL,blake-freeland
Ambry Thomas,CB,Eagles,UFA,0.0,28.0,1162500.0,17500.0,PHI,CB,ambry-thomas
Jake Andrews,C,Texans,UFA,94.2,28.0,1162086.0,808344.0,HOU,OL,jake-andrews
Anthony Bradford,RG,Seahawks,UFA,96.3,26.0,1160997.0,803988.0,SEA,OL,anthony-bradford
Dylan Horton,EDGE,Texans,UFA,23.5,27.0,1160261.0,801044.0,HOU,EDGE,dylan-horton
Adetomiwa Adebawore,EDGE,Colts,UFA,47.1,26.0,1159228.0,796912.0,IND,EDGE,adetomiwa-adebawore
Zachary Carter,IDL,Cardinals,UFA,8.7,28.0,1157500.0,0.0,ARI,IDL,zachary-carter
Britain Covey,WR,Eagles,UFA,3.8,30.0,1157500.0,0.0,PHI,WR,britain-covey
Deven Thompkins,WR,Falcons,UFA,2.0,28.0,1157500.0,0.0,ATL,WR,deven-thompkins
Austin Trammell,WR,Jaguars,UFA,7.9,29.0,1155000.0,10000.0,JAX,WR,austin-trammell
Clark Phillips III,CB,Falcons,UFA,0.0,26.0,1153383.0,773532.0,ATL,CB,clark-phillips-iii
Chandler Zavala,RG,Panthers,UFA,20.0,28.0,1152934.0,771736.0,CAR,OL,chandler-zavala
Roschon Johnson,RB,Bears,UFA,0.3,26.0,1152172.0,768688.0,CHI,RB,roschon-johnson
Colby Wooden,IDL,Colts,UFA,52.4,27.0,1151982.0,767928.0,IND,IDL,colby-wooden
Shane Buechele,QB,Bills,UFA,2.6,29.0,1150000.0,50000.0,BUF,QB,shane-buechele
Chamarri Conner,S,Chiefs,UFA,98.2,27.0,1147841.0,751364.0,KC,S,chamarri-conner
Blake Whiteheart,TE,Browns,UFA,22.6,27.0,1145000.0,0.0,CLE,TE,blake-whiteheart
Christian Braswell,CB,Jaguars,RFA,14.5,28.0,1145000.0,0.0,JAX,CB,christian-braswell
Myles Adams,EDGE,Lions,UFA,0.0,29.0,1145000.0,0.0,DET,EDGE,myles-adams
Jerrick Reed,S,Titans,UFA,6.9,27.0,1145000.0,0.0,TEN,S,jerrick-reed
Kaevon Merriweather,S,Texans,UFA,2.4,28.0,1145000.0,0.0,HOU,S,kaevon-merriweather
Stephen Carlson,TE,Bears,UFA,1.2,31.0,1145000.0,0.0,CHI,TE,stephen-carlson
Matt Henningsen,IDL,Broncos,UFA,0.0,28.0,1145000.0,0.0,DEN,IDL,matt-henningsen
Benton Whitley,EDGE,Buccaneers,RFA,0.0,28.0,1145000.0,0.0,TB,EDGE,benton-whitley
Jeremiah Pharms,IDL,Patriots,RFA,4.6,31.0,1145000.0,0.0,NE,IDL,jeremiah-pharms
Cody White,WR,Seahawks,UFA,15.3,29.0,1145000.0,0.0,SEA,WR,cody-white
Jonathan Garvin,EDGE,Bears,UFA,0.0,28.0,1145000.0,0.0,CHI,EDGE,jonathan-garvin
Caleb Murphy,EDGE,Giants,UFA,13.0,28.0,1145000.0,0.0,NYG,EDGE,caleb-murphy
Kion Smith,RT,Dolphins,UFA,15.0,29.0,1145000.0,0.0,MIA,OL,kion-smith
Nick Hampton,EDGE,Panthers,UFA,10.0,27.0,1145000.0,0.0,CAR,EDGE,nick-hampton
Jonathan Mingo,WR,Cowboys,UFA,6.7,26.0,1145000.0,0.0,DAL,WR,jonathan-mingo
Isaiah Foskey,EDGE,Bengals,UFA,3.1,27.0,1145000.0,0.0,CIN,EDGE,isaiah-foskey
Ethan Bonner,CB,Dolphins,RFA,8.4,28.0,1145000.0,0.0,MIA,CB,ethan-bonner
Jaret Patterson,RB,Chargers,RFA,10.1,28.0,1145000.0,0.0,LAC,RB,jaret-patterson
Ty Okada,CB,Seahawks,ERFA,65.8,28.0,1145000.0,0.0,SEA,CB,ty-okada
Milo Eifler,LB,49ers,UFA,0.0,29.0,1145000.0,0.0,SF,LB,milo-eifler
Gary Brightwell,RB,Bengals,UFA,0.0,29.0,1145000.0,0.0,CIN,RB,gary-brightwell
Trey Hill,C,Titans,UFA,0.0,27.0,1145000.0,0.0,TEN,OL,trey-hill
Brandon Johnson,WR,Steelers,UFA,0.0,29.0,1145000.0,0.0,PIT,WR,brandon-johnson
Ja'Marcus Ingram,CB,Texans,RFA,10.2,30.0,1145000.0,0.0,HOU,CB,jamarcus-ingram
Segun Olubi,LB,Raiders,UFA,0.5,28.0,1145000.0,0.0,LV,LB,segun-olubi
Kahlef Hailassie,CB,Vikings,RFA,0.0,27.0,1145000.0,0.0,MIN,CB,kahlef-hailassie
Tariq Castro-Fields,CB,Eagles,RFA,0.0,28.0,1145000.0,0.0,PHI,CB,tariq-castro-fields
Alex Ward,LS,Raiders,UFA,14.6,28.0,1145000.0,0.0,LV,ST,alex-ward
Bo Melton,WR,Packers,RFA,9.1,28.0,1145000.0,0.0,GB,WR,bo-melton
Lawrence Cager,WR,Commanders,UFA,0.1,30.0,1145000.0,0.0,WAS,WR,lawrence-cager
Zachary Thomas,RG,49ers,UFA,0.0,29.0,1145000.0,0.0,SF,OL,zachary-thomas
Chase Lucas,CB,Buccaneers,UFA,9.0,30.0,1145000.0,0.0,TB,CB,chase-lucas
Matthew Butler,IDL,Dolphins,UFA,20.1,28.0,1145000.0,0.0,MIA,IDL,matthew-butler
Payton Turner,EDGE,Lions,UFA,0.0,28.0,1145000.0,0.0,DET,EDGE,payton-turner
Russ Yeast,S,Bengals,RFA,0.0,28.0,1145000.0,0.0,CIN,S,russ-yeast
Skylar Thompson,QB,Ravens,UFA,0.0,30.0,1145000.0,0.0,BAL,QB,skylar-thompson
Jalen Graham,LB,49ers,RFA,0.2,27.0,1145000.0,0.0,SF,LB,jalen-graham
LaBryan Ray,IDL,Panthers,UFA,14.9,30.0,1145000.0,0.0,CAR,IDL,labryan-ray
Tristin McCollum,CB,Raiders,RFA,12.9,28.0,1145000.0,0.0,LV,CB,tristin-mccollum
Josh Sills,LG,Colts,RFA,0.4,29.0,1145000.0,0.0,IND,OL,josh-sills
Cade York,K,Jets,UFA,0.0,26.0,1145000.0,0.0,NYJ,ST,cade-york
Tyler Goodson,RB,Falcons,UFA,3.3,27.0,1145000.0,0.0,ATL,RB,tyler-goodson
Marcelino McCrary-Ball,CB,Jets,RFA,9.4,28.0,1145000.0,0.0,NYJ,CB,marcelino-mccrary-ball
Arron Mosby,EDGE,Packers,UFA,1.5,28.0,1145000.0,0.0,GB,EDGE,arron-mosby
Jesse Luketa,EDGE,Patriots,UFA,0.0,28.0,1145000.0,0.0,NE,EDGE,jesse-luketa
Ventrell Miller,LB,Jaguars,UFA,20.1,28.0,1144234.0,736936.0,JAX,LB,ventrell-miller
Jon Gaines,LG,Cardinals,UFA,29.9,28.0,1143060.0,732240.0,ARI,OL,jon-gaines
Tavius Robinson,EDGE,Ravens,UFA,39.7,28.0,1140141.0,720564.0,BAL,EDGE,tavius-robinson
Isaiah McGuire,EDGE,Browns,UFA,39.1,26.0,1137982.0,711928.0,CLE,EDGE,isaiah-mcguire
Derius Davis,WR,Chargers,UFA,7.3,27.0,1137982.0,711928.0,LAC,WR,derius-davis
Stetson Bennett,QB,Rams,RFA,0.0,30.0,1134783.0,699132.0,LAR,QB,stetson-bennett
Tyler Lacy,IDL,Lions,UFA,21.4,28.0,1131780.0,687120.0,DET,IDL,tyler-lacy
Charlie Jones,WR,Bengals,UFA,1.8,29.0,1129694.0,678776.0,CIN,WR,charlie-jones
Nick Herbig,LB,Steelers,UFA,52.4,26.0,1128231.0,672924.0,PIT,LB,nick-herbig
Jay Ward,S,Vikings,UFA,23.2,27.0,1123386.0,653544.0,MIN,S,jay-ward
Eyioma Uwazurike,IDL,Broncos,UFA,36.4,29.0,1106468.0,765872.0,DEN,IDL,eyioma-uwazurike
Brandon Codrington,CB,Texans,RFA,1.0,27.0,1100000.0,15000.0,HOU,CB,brandon-codrington
Jarrett Kingston,LG,Texans,RFA,2.8,28.0,1100000.0,15000.0,HOU,OL,jarrett-kingston
Shaka Heyward,LB,Bengals,RFA,3.3,27.0,1095000.0,0.0,CIN,LB,shaka-heyward
Zacch Pickens,IDL,Giants,RFA,5.7,27.0,1087500.0,0.0,NYG,IDL,zacch-pickens
James Houston,EDGE,Cowboys,UFA,27.7,29.0,1087500.0,0.0,DAL,EDGE,james-houston
Atonio Mafi,LG,Raiders,RFA,15.3,27.0,1087500.0,0.0,LV,OL,atonio-mafi
Brodric Martin,IDL,Raiders,UFA,0.9,28.0,1087500.0,0.0,LV,IDL,brodric-martin
Jammie Robinson,S,Falcons,UFA,0.0,26.0,1087500.0,0.0,ATL,S,jammie-robinson
Brayden Willis,TE,49ers,UFA,1.2,28.0,1087500.0,0.0,SF,TE,brayden-willis
Jalen Brooks,WR,Cardinals,UFA,9.7,27.0,1087500.0,0.0,ARI,WR,jalen-brooks
Jordon Riley,IDL,Packers,RFA,5.7,29.0,1087500.0,0.0,GB,IDL,jordon-riley
Jarrick Bernard-Converse,CB,Giants,UFA,2.1,27.0,1087500.0,0.0,NYG,CB,jarrick-bernard-converse
Mason Kinsey,WR,Titans,UFA,6.4,29.0,1087500.0,0.0,TEN,WR,mason-kinsey
Patrick O'Connell,LB,Seahawks,RFA,5.0,29.0,1087500.0,0.0,SEA,LB,patrick-oconnell
Andre Baccellia,WR,Cardinals,RFA,8.1,30.0,1087500.0,0.0,ARI,WR,andre-baccellia
Raheem Layne,S,Giants,RFA,9.5,28.0,1087500.0,0.0,NYG,S,raheem-layne
Malik Davis,RB,Cowboys,RFA,13.1,29.0,1087500.0,0.0,DAL,RB,malik-davis
Kingsley Jonathan,EDGE,Jets,RFA,1.5,29.0,1087500.0,0.0,NYJ,EDGE,kingsley-jonathan
Cory Durden,IDL,Patriots,ERFA,37.4,28.0,1087500.0,0.0,NE,IDL,cory-durden
Xavier Gipson,WR,Giants,UFA,0.9,26.0,1087500.0,0.0,NYG,WR,xavier-gipson
Aidan O'Connell,QB,Raiders,UFA,5.1,29.0,1087345.0,509380.0,LV,QB,aidan-oconnell
Nick Broeker,LG,Bills,RFA,0.0,27.0,1080000.0,5000.0,BUF,OL,nick-broeker
Tyler Badie,RB,Broncos,RFA,16.8,28.0,1075000.0,0.0,DEN,RB,tyler-badie
Justin Shorter,WR,Raiders,UFA,0.5,27.0,1075000.0,0.0,LV,WR,justin-shorter
Matt Araiza,P,Chiefs,RFA,30.6,27.0,1075000.0,0.0,KC,ST,matt-araiza
Jordan Jackson,IDL,Broncos,RFA,7.6,29.0,1075000.0,0.0,DEN,IDL,jordan-jackson
Devon Key,S,Broncos,RFA,6.5,30.0,1075000.0,0.0,DEN,S,devon-key
Matt Waletzko,RT,Chiefs,UFA,0.0,28.0,1075000.0,0.0,KC,OL,matt-waletzko
Leonard Taylor,IDL,Patriots,RFA,9.3,25.0,1075000.0,0.0,NE,IDL,leonard-taylor
Jimmy Morrissey,C,Colts,UFA,0.0,29.0,1075000.0,0.0,IND,OL,jimmy-morrissey
Justin Dedich,C,Rams,RFA,43.7,27.0,1075000.0,0.0,LAR,OL,justin-dedich
Rex Sunahara,LS,Browns,RFA,29.4,31.0,1075000.0,0.0,CLE,ST,rex-sunahara
Ja'Tyre Carter,LG,Panthers,RFA,0.0,28.0,1075000.0,0.0,CAR,OL,jatyre-carter
Brittain Brown,RB,Bears,RFA,1.3,30.0,1075000.0,0.0,CHI,RB,brittain-brown
Dondrea Tillman,EDGE,Broncos,RFA,37.1,29.0,1075000.0,0.0,DEN,EDGE,dondrea-tillman
Cole Turner,TE,Dolphins,RFA,0.0,27.0,1075000.0,0.0,MIA,TE,cole-turner
Carter Warren,RT,Dolphins,RFA,0.0,28.0,1075000.0,0.0,MIA,OL,carter-warren
Jalen Coker,WR,Panthers,RFA,41.4,26.0,1075000.0,0.0,CAR,WR,jalen-coker
Josh Ross,S,Vikings,RFA,0.0,28.0,1075000.0,0.0,MIN,S,josh-ross
Timmy Horne,IDL,Titans,UFA,0.0,30.0,1075000.0,0.0,TEN,IDL,timmy-horne
Sidy Sow,RG,Texans,RFA,0.8,29.0,1075000.0,0.0,HOU,OL,sidy-sow
Jalen Virgil,WR,Bills,UFA,0.0,29.0,1075000.0,0.0,BUF,WR,jalen-virgil
Keir Thomas,EDGE,Rams,UFA,0.0,29.0,1075000.0,0.0,LAR,EDGE,keir-thomas
Jamari Thrash,WR,Browns,RFA,19.9,27.0,1075000.0,0.0,CLE,WR,jamari-thrash
K.J. Henry,EDGE,Steelers,RFA,0.0,28.0,1075000.0,0.0,PIT,EDGE,kj-henry
Darius Rush,CB,Commanders,RFA,0.0,27.0,1075000.0,0.0,WAS,CB,darius-rush
Damarion Williams,CB,Buccaneers,RFA,8.4,29.0,1075000.0,0.0,TB,CB,damarion-williams
Michael Niese,LG,Lions,RFA,1.1,29.0,1075000.0,0.0,DET,OL,michael-niese
Sean Clifford,QB,Bengals,RFA,0.0,29.0,1075000.0,0.0,CIN,QB,sean-clifford
A.J. Finley,S,Seahawks,UFA,0.0,26.0,1075000.0,0.0,SEA,S,aj-finley
Cam Grandy,TE,Bengals,RFA,2.5,28.0,1075000.0,0.0,CIN,TE,cam-grandy
Nic Jones,CB,Giants,RFA,1.8,26.0,1075000.0,0.0,NYG,CB,nic-jones
Cody Schrader,RB,Broncos,UFA,0.0,28.0,1075000.0,0.0,DEN,RB,cody-schrader
Jalen Redmond,IDL,Vikings,RFA,74.1,28.0,1075000.0,0.0,MIN,IDL,jalen-redmond
Joshua Karty,K,Cardinals,RFA,17.1,25.0,1075000.0,0.0,ARI,ST,joshua-karty
Xavier Thomas,LB,Texans,RFA,1.3,28.0,1075000.0,0.0,HOU,LB,xavier-thomas
Malachi Corley,WR,Browns,RFA,17.9,25.0,1075000.0,0.0,CLE,WR,malachi-corley
Otis Reese,LB,Patriots,RFA,0.0,29.0,1075000.0,0.0,NE,LB,otis-reese
Jake Bates,K,Lions,RFA,36.4,28.0,1075000.0,0.0,DET,ST,jake-bates
Bryce Oliver,WR,Titans,RFA,2.8,27.0,1075000.0,0.0,TEN,WR,bryce-oliver
Colton Dowell,WR,49ers,RFA,0.0,28.0,1075000.0,0.0,SF,WR,colton-dowell
Josh Butler,CB,Cowboys,RFA,2.3,31.0,1075000.0,0.0,DAL,CB,josh-butler
Brenden Bates,TE,Browns,RFA,12.7,28.0,1075000.0,0.0,CLE,TE,brenden-bates
Natrone Brooks,CB,Falcons,RFA,6.8,28.0,1075000.0,0.0,ATL,CB,natrone-brooks
Bo Richter,EDGE,Vikings,RFA,4.9,27.0,1075000.0,0.0,MIN,EDGE,bo-richter
Mitchell Tinsley,WR,Bengals,RFA,25.9,28.0,1075000.0,0.0,CIN,WR,mitchell-tinsley
Ryan Miller,WR,Giants,RFA,10.8,27.0,1075000.0,0.0,NYG,WR,ryan-miller
Evan Deckers,LS,Buccaneers,RFA,28.2,28.0,1075000.0,0.0,TB,ST,evan-deckers
Xavier Smith,WR,Rams,RFA,20.5,30.0,1075000.0,0.0,LAR,WR,xavier-smith
Jowon Briggs,IDL,Jets,ERFA,52.1,26.0,1075000.0,0.0,NYJ,IDL,jowon-briggs
Demani Richardson,S,Panthers,RFA,2.7,27.0,1075000.0,0.0,CAR,S,demani-richardson
Art Green,CB,Giants,RFA,0.0,27.0,1075000.0,0.0,NYG,CB,art-green
Nikko Remigio,WR,Chiefs,RFA,2.8,28.0,1075000.0,0.0,KC,WR,nikko-remigio
Ben VanSumeren,LB,Bills,UFA,0.0,27.0,1075000.0,0.0,BUF,LB,ben-vansumeren
Kimani Vidal,RB,Chargers,RFA,42.1,26.0,1075000.0,0.0,LAC,RB,kimani-vidal
Jason Brownlee,WR,Chiefs,RFA,2.3,28.0,1075000.0,0.0,KC,WR,jason-brownlee
Jaden Crumedy,IDL,Packers,RFA,4.2,27.0,1075000.0,0.0,GB,IDL,jaden-crumedy
Sala Aumavae-Laulu,LG,Commanders,RFA,0.0,28.0,1075000.0,0.0,WAS,OL,sala-aumavae-laulu
Tre Hawkins,CB,Commanders,RFA,0.0,27.0,1075000.0,0.0,WAS,CB,tre-hawkins
Deuce Vaughn,RB,Broncos,RFA,0.0,26.0,1075000.0,0.0,DEN,RB,deuce-vaughn
Ronnie Bell,WR,Saints,RFA,3.4,27.0,1052500.0,0.0,NO,WR,ronnie-bell
Yasir Abdullah,LB,Jaguars,UFA,0.2,27.0,1051304.0,365216.0,JAX,LB,yasir-abdullah
Jordan Howden,S,Saints,UFA,23.7,27.0,1041682.0,326728.0,NO,S,jordan-howden
Noah Sewell,LB,Bears,UFA,38.1,25.0,1041237.0,324948.0,CHI,LB,noah-sewell
Mike Morris,EDGE,Seahawks,UFA,14.6,26.0,1040519.0,322076.0,SEA,EDGE,mike-morris
Colby Sorsdal,RG,Lions,UFA,0.0,27.0,1040021.0,320084.0,DET,OL,colby-sorsdal
SirVocea Dennis,LB,Buccaneers,UFA,87.2,27.0,1039332.0,317328.0,TB,LB,sirvocea-dennis
Olusegun Oluwatimi,C,Seahawks,UFA,28.9,28.0,1039115.0,316460.0,SEA,OL,olusegun-oluwatimi
Darrell Luter Jr.,CB,49ers,UFA,25.0,27.0,1038378.0,313512.0,SF,CB,darrell-luter-jr
Daniel Scott,S,Colts,UFA,1.1,29.0,1036959.0,307836.0,IND,S,daniel-scott
Antonio Johnson,S,Jaguars,UFA,60.1,26.0,1035458.0,301832.0,JAX,S,antonio-johnson
Will Mallory,TE,Colts,UFA,1.5,28.0,1032648.0,290592.0,IND,TE,will-mallory
Chase Brown,RB,Bengals,UFA,66.4,27.0,1031539.0,286156.0,CIN,RB,chase-brown
Irvin Charles,WR,Jets,UFA,0.0,30.0,1030000.0,0.0,NYJ,WR,irvin-charles
Chance Campbell,LB,Eagles,UFA,0.0,28.0,1030000.0,25000.0,PHI,LB,chance-campbell
Terell Smith,CB,Bears,UFA,0.0,28.0,1028971.0,275884.0,CHI,CB,terell-smith
Davis Allen,TE,Rams,UFA,51.5,26.0,1021245.0,244980.0,LAR,TE,davis-allen
Warren McClendon,LT,Rams,UFA,58.8,26.0,1021245.0,244980.0,LAR,OL,warren-mcclendon
Henry To'oTo'o,LB,Texans,UFA,78.7,26.0,1021245.0,244980.0,HOU,LB,henry-tootoo
Eric Gray,RB,Giants,UFA,0.3,28.0,1021245.0,244980.0,NYG,RB,eric-gray
Payne Durham,TE,Buccaneers,UFA,31.2,27.0,1021245.0,244980.0,TB,TE,payne-durham
Christopher Smith,S,Jets,UFA,0.3,27.0,1021245.0,244980.0,NYJ,S,christopher-smith
Asim Richards,LG,Saints,UFA,32.3,27.0,1021245.0,244980.0,NO,OL,asim-richards
Puka Nacua,WR,Rams,UFA,64.1,26.0,1021245.0,244980.0,LAR,WR,puka-nacua
Owen Pappoe,LB,Cardinals,UFA,8.4,27.0,1021245.0,244980.0,ARI,LB,owen-pappoe
Tyrell Shavers,WR,Bills,ERFA,39.0,28.0,1021000.0,7000.0,BUF,WR,tyrell-shavers
Dylan Cook,LT,Steelers,RFA,28.2,29.0,1017500.0,0.0,PIT,OL,dylan-cook
Demontrey Jacobs,RT,Cardinals,RFA,5.7,29.0,1017500.0,0.0,ARI,OL,demontrey-jacobs
Ali Gaye,EDGE,Texans,RFA,3.5,30.0,1017500.0,0.0,HOU,EDGE,ali-gaye
Kevin Austin Jr.,WR,Saints,RFA,21.5,27.0,1017500.0,0.0,NO,WR,kevin-austin-jr
Audric Estime,RB,Saints,RFA,16.1,24.0,1017500.0,0.0,NO,RB,audric-estime
C.J. Hanson,RG,Chiefs,RFA,0.1,26.0,1017500.0,0.0,KC,OL,cj-hanson
Ryan Rehkow,P,Bengals,RFA,30.3,29.0,1017500.0,0.0,CIN,ST,ryan-rehkow
Ryan Flournoy,WR,Cowboys,RFA,40.4,28.0,1017500.0,0.0,DAL,WR,ryan-flournoy
Maema Njongmeta,LB,Panthers,RFA,0.5,26.0,1017500.0,0.0,CAR,LB,maema-njongmeta
Isaiah Williams,WR,Jets,RFA,31.4,26.0,1017500.0,0.0,NYJ,WR,isaiah-williams
Shemar Bartholomew,CB,Packers,RFA,3.0,27.0,1017500.0,0.0,GB,CB,shemar-bartholomew
Dwight McGlothern,CB,Vikings,RFA,2.9,25.0,1017500.0,0.0,MIN,CB,dwight-mcglothern
Nick Samac,C,Panthers,RFA,0.0,26.0,1017500.0,0.0,CAR,OL,nick-samac
Tyreke Smith,EDGE,Chiefs,RFA,0.0,27.0,1017500.0,0.0,KC,EDGE,tyreke-smith
Charles Woods,CB,Patriots,RFA,11.4,27.0,1017500.0,0.0,NE,CB,charles-woods
Sanoussi Kane,S,Titans,RFA,7.0,26.0,1017500.0,0.0,TEN,S,sanoussi-kane
Chigozie Anusiem,CB,Raiders,RFA,0.0,27.0,1017500.0,0.0,LV,CB,chigozie-anusiem
Karl Brooks,IDL,Packers,UFA,55.2,27.0,1013007.0,212028.0,GB,IDL,karl-brooks
Kei'Trel Clark,CB,Cardinals,UFA,17.5,26.0,1012150.0,208600.0,ARI,CB,keitrel-clark
Josh Hayes,S,Buccaneers,UFA,0.0,28.0,1011094.0,204376.0,TB,S,josh-hayes
J.L. Skinner,S,Broncos,UFA,3.0,26.0,1009056.0,196224.0,DEN,S,jl-skinner
Parker Washington,WR,Jaguars,UFA,58.4,25.0,1008066.0,192264.0,JAX,WR,parker-washington
Kayshon Boutte,WR,Patriots,UFA,55.5,25.0,1006816.0,187264.0,NE,WR,kayshon-boutte
Tanner McKee,QB,Eagles,UFA,8.4,27.0,1006630.0,186520.0,PHI,QB,tanner-mckee
Reddy Steward,CB,Cowboys,ERFA,46.9,26.0,1005000.0,0.0,DAL,CB,reddy-steward
Sincere McCormick,RB,49ers,RFA,0.0,27.0,1005000.0,0.0,SF,RB,sincere-mccormick
Jared Wayne,WR,Texans,RFA,3.0,27.0,1005000.0,0.0,HOU,WR,jared-wayne
Devin Cochran,LT,Lions,RFA,0.0,29.0,1005000.0,0.0,DET,OL,devin-cochran
Winston Reid,LB,Browns,RFA,0.0,28.0,1005000.0,0.0,CLE,LB,winston-reid
Rejzohn Wright,CB,Saints,RFA,0.2,27.0,1005000.0,0.0,NO,CB,rejzohn-wright
Theo Benedet,RT,Bears,ERFA,50.0,26.0,1005000.0,0.0,CHI,OL,theo-benedet
Luke Wypler,RG,Browns,UFA,25.1,26.0,1004993.0,179972.0,CLE,OL,luke-wypler
Trey Palmer,WR,Saints,UFA,0.0,26.0,1004824.0,179296.0,NO,WR,trey-palmer
Bryce Baringer,P,Patriots,UFA,27.1,28.0,1004614.0,178456.0,NE,ST,bryce-baringer
Elijah Higgins,WR,Cardinals,UFA,41.9,27.0,1003970.0,175880.0,ARI,WR,elijah-higgins
Scott Matlock,IDL,Chargers,UFA,1.1,27.0,1003073.0,172292.0,LAC,IDL,scott-matlock
Jarrett Patterson,C,Texans,UFA,28.8,28.0,1002494.0,169976.0,HOU,OL,jarrett-patterson
Xavier Hutchinson,WR,Texans,UFA,57.9,27.0,1000925.0,163700.0,HOU,WR,xavier-hutchinson
Andrei Iosivas,WR,Bengals,UFA,76.6,28.0,999848.0,159392.0,CIN,WR,andrei-iosivas
Dante Stills,IDL,Cardinals,UFA,47.8,28.0,993333.0,133332.0,ARI,IDL,dante-stills
Dee Winters,LB,Cowboys,UFA,91.5,27.0,993333.0,133332.0,DAL,LB,dee-winters
Demario Douglas,WR,Patriots,UFA,26.3,27.0,993333.0,133332.0,NE,WR,demario-douglas
Jaylon Jones,CB,Colts,UFA,17.6,25.0,988370.0,113480.0,IND,CB,jaylon-jones
Ethan Evans,P,Rams,UFA,45.5,26.0,987000.0,108000.0,LAR,ST,ethan-evans
DeMarcco Hellams,S,Falcons,UFA,1.2,27.0,986575.0,106300.0,ATL,S,demarcco-hellams
Andrew Vorhees,LG,Ravens,RFA,95.4,28.0,985528.0,102112.0,BAL,OL,andrew-vorhees
Carrington Valentine,CB,Packers,UFA,69.6,26.0,985165.0,100660.0,GB,CB,carrington-valentine
Kenny McIntosh,RB,Seahawks,UFA,0.0,27.0,982646.0,90852.0,SEA,RB,kenny-mcintosh
Cory Trice,CB,Steelers,UFA,0.0,27.0,981109.0,84436.0,PIT,CB,cory-trice
D.J. Ivey,CB,Bengals,UFA,10.6,27.0,980164.0,80656.0,CIN,CB,dj-ivey
Moro Ojomo,IDL,Eagles,UFA,65.7,26.0,979446.0,77784.0,PHI,IDL,moro-ojomo
Spencer Anderson,RG,Steelers,UFA,37.1,27.0,979446.0,77784.0,PIT,OL,spencer-anderson
Alex Forsyth,C,Broncos,UFA,11.9,28.0,979446.0,77784.0,DEN,OL,alex-forsyth
Desjuan Johnson,IDL,Rams,UFA,9.0,28.0,979446.0,77784.0,LAR,IDL,desjuan-johnson
Josh Wallace,CB,Rams,RFA,24.1,27.0,963333.0,60000.0,LAR,CB,josh-wallace
Dalton Tucker,RG,Colts,RFA,14.1,27.0,956667.0,240000.0,IND,OL,dalton-tucker
Xavier Weaver,WR,Cardinals,RFA,24.0,27.0,953333.0,255000.0,ARI,WR,xavier-weaver
Beau Brade,S,Giants,RFA,0.1,25.0,951667.0,45000.0,NYG,S,beau-brade
Frank Crum,RT,Broncos,RFA,5.7,27.0,951667.0,275000.0,DEN,OL,frank-crum
Braiden McGregor,EDGE,Jets,RFA,23.5,26.0,950000.0,220000.0,NYJ,EDGE,braiden-mcgregor
Storm Duck,CB,Dolphins,RFA,4.1,27.0,950000.0,170000.0,MIA,CB,storm-duck
Tyler Owens,S,Commanders,RFA,5.8,26.0,950000.0,245000.0,WAS,S,tyler-owens
Brevyn Spann-Ford,TE,Cowboys,RFA,25.3,28.0,950000.0,245000.0,DAL,TE,brevyn-spann-ford
British Brooks,RB,Texans,RFA,6.1,28.0,948333.0,240000.0,HOU,RB,british-brooks
Jaylen McCollough,S,Rams,RFA,45.5,27.0,948333.0,15000.0,LAR,S,jaylen-mccollough
Andrew Meyer,C,Dolphins,RFA,5.6,27.0,948333.0,90000.0,MIA,OL,andrew-meyer
Rico Payton,CB,Giants,RFA,3.0,28.0,948333.0,45000.0,NYG,CB,rico-payton
Kameron Johnson,WR,Buccaneers,RFA,9.3,25.0,946667.0,10000.0,TB,WR,kameron-johnson
Colson Yankoff,RB,Commanders,RFA,10.2,27.0,946667.0,50000.0,WAS,RB,colson-yankoff
Mason Tipton,WR,Saints,RFA,26.4,27.0,946667.0,110000.0,NO,WR,mason-tipton
Thomas Harper,CB,Lions,RFA,43.5,27.0,946667.0,30000.0,DET,CB,thomas-harper
Omar Speights,LB,Rams,RFA,60.0,26.0,946333.0,9000.0,LAR,LB,omar-speights
Dell Pettus,S,Patriots,RFA,10.8,26.0,946333.0,9000.0,NE,S,dell-pettus
David Martin-Robinson,TE,Titans,RFA,12.7,28.0,945833.0,17500.0,TEN,TE,david-martin-robinson
Christian Roland-Wallace,CB,Chiefs,RFA,18.3,26.0,945000.0,155000.0,KC,CB,christian-roland-wallace
Joe Andreessen,LB,Bills,RFA,9.8,27.0,944167.0,2500.0,BUF,LB,joe-andreessen
Hogan Hatten,LS,Lions,RFA,31.1,27.0,943667.0,1000.0,DET,ST,hogan-hatten
Jalen Sundell,LT,Seahawks,RFA,68.2,28.0,943333.0,0.0,SEA,OL,jalen-sundell
Cameron Latu,TE,Eagles,RFA,9.8,27.0,922500.0,0.0,PHI,TE,cameron-latu
Austin McNamara,P,Jets,ERFA,36.2,26.0,922500.0,0.0,NYJ,ST,austin-mcnamara
Qadir Ismail,WR,Bears,RFA,0.0,27.0,885000.0,0.0,CHI,WR,qadir-ismail
Calais Campbell,EDGE,Ravens,UFA,45.7,41.0,0.0,0.0,BAL,EDGE,calais-campbell
